-- Complete Test Data for All Tables
-- Generated on: 2025-09-03T19:34:45.588785
-- WARNING: This will insert test data into your existing tables


-- SUBSCRIPTION_PLANS TABLE DATA
----------------------------------------
INSERT INTO subscription_plans (id, name, price, duration_days, features, created_at) VALUES ('4562140f-fc60-4bb8-8ed4-acffbb93bb54', 'Free', 0, 0, '{"submissions_per_month": 10, "websites": 1, "campaigns": 2, "support": "community"}', '2024-09-03T19:33:37.224659');
INSERT INTO subscription_plans (id, name, price, duration_days, features, created_at) VALUES ('87a8b499-96d9-4bab-adb7-f80c3cfcbf55', 'Basic', 9.99, 30, '{"submissions_per_month": 100, "websites": 3, "campaigns": 10, "support": "email"}', '2024-09-03T19:33:37.224659');
INSERT INTO subscription_plans (id, name, price, duration_days, features, created_at) VALUES ('fe4ac484-7afa-43aa-924c-c8c7299d0039', 'Professional', 29.99, 30, '{"submissions_per_month": 1000, "websites": 10, "campaigns": 50, "support": "priority"}', '2024-09-03T19:33:37.224659');
INSERT INTO subscription_plans (id, name, price, duration_days, features, created_at) VALUES ('3367d82f-7ecb-4ab0-9aa0-74b531ea319a', 'Enterprise', 99.99, 30, '{"submissions_per_month": "unlimited", "websites": "unlimited", "campaigns": "unlimited", "support": "dedicated"}', '2024-09-03T19:33:37.224659');

-- USERS TABLE DATA
----------------------------------------
INSERT INTO users (id, email, hashed_password, plan_id, subscription_status, subscription_start, subscription_end, created_at, profile_image_url, role, first_name, last_name, captcha_username, captcha_password_hash, is_active) VALUES ('1921f774-d58d-4680-a98a-1c3532db6956', 'robert.garcia0@example.com', '$2b$12$ja6nDDXQ/wfbLsSFG4uHNeNedi8MuP9Mym6ngRWXclvbCT7YhafTq', '3367d82f-7ecb-4ab0-9aa0-74b531ea319a', 'active', '2025-05-09T19:33:37.424048', '2025-11-01T19:33:37.424048', '2024-11-23T19:33:37.424048', 'https://ui-avatars.com/api/?name=Robert+Garcia', 'admin', 'Robert', 'Garcia', 'robert_captcha_0', '$2b$12$gbaZ3RhUDxIb4LrYZyTuVOoR8YM1P7HBsuJc08F6E/06glBgs7ima', TRUE);
INSERT INTO users (id, email, hashed_password, plan_id, subscription_status, subscription_start, subscription_end, created_at, profile_image_url, role, first_name, last_name, captcha_username, captcha_password_hash, is_active) VALUES ('ad2b2bec-0214-4b0a-87f8-dd37a002e46e', 'michael.rodriguez1@example.com', '$2b$12$t6zHCtj7suGuCo0tzMGBDOeYQcBn2iE8VOPXBmz40kR0CV4oHGlOe', 'fe4ac484-7afa-43aa-924c-c8c7299d0039', 'active', '2025-04-09T19:33:37.821427', '2025-11-19T19:33:37.821427', '2024-09-20T19:33:37.821427', 'https://ui-avatars.com/api/?name=Michael+Rodriguez', 'moderator', 'Michael', 'Rodriguez', 'michael_captcha_1', '$2b$12$wW3NTAEkTTb8GIeQTne9TuetqpDLtNpeNADLlo5voKkaSrGVQhpKK', TRUE);
INSERT INTO users (id, email, hashed_password, plan_id, subscription_status, subscription_start, subscription_end, created_at, profile_image_url, role, first_name, last_name, captcha_username, captcha_password_hash, is_active) VALUES ('813e771a-86e8-4817-a74d-253e3accae94', 'sarah.johnson2@example.com', '$2b$12$.WO44.812pWl76yKRtr6E.UoQiStqqno4EpqJ9ZtdH82RjWg5uJfq', 'fe4ac484-7afa-43aa-924c-c8c7299d0039', 'active', '2025-05-22T19:33:38.214070', '2025-10-10T19:33:38.214070', '2024-12-28T19:33:38.214070', 'https://ui-avatars.com/api/?name=Sarah+Johnson', 'user', 'Sarah', 'Johnson', 'sarah_captcha_2', '$2b$12$dvYccXNhod5h4nOuF3VJ0OBZDEUAn9Ly0/saZEft3BbHmK.ycxdAS', TRUE);
INSERT INTO users (id, email, hashed_password, plan_id, subscription_status, created_at, profile_image_url, role, first_name, last_name, captcha_username, captcha_password_hash, is_active) VALUES ('5abfe0dd-7b5e-4916-88fc-8f0f1cb8ae79', 'maria.brown3@example.com', '$2b$12$xXiIOlp0p2BBLkzp0Wo4Euek9zEPXGWNWPv5cJdoQ0RwY1FGs8luO', '4562140f-fc60-4bb8-8ed4-acffbb93bb54', 'free', '2025-05-23T19:33:38.621687', 'https://ui-avatars.com/api/?name=Maria+Brown', 'user', 'Maria', 'Brown', 'maria_captcha_3', '$2b$12$brb96vw2y/UVyqiH0A47.uCANpgShm2ZF5oOohHwZpsgBMVucYpSy', TRUE);
INSERT INTO users (id, email, hashed_password, plan_id, subscription_status, subscription_start, subscription_end, created_at, profile_image_url, role, first_name, last_name, captcha_username, captcha_password_hash, is_active) VALUES ('90ac32b7-0f0b-4b7c-87e5-dfb95aed7bfd', 'lisa.rodriguez4@example.com', '$2b$12$fJ2TivqrQNmGE9jyCBWLZeVzUxhN9XN9c6neQzRGXHOn/T7uCKvla', 'fe4ac484-7afa-43aa-924c-c8c7299d0039', 'active', '2025-06-03T19:33:39.076473', '2025-10-03T19:33:39.076473', '2024-10-18T19:33:39.076473', 'https://ui-avatars.com/api/?name=Lisa+Rodriguez', 'user', 'Lisa', 'Rodriguez', 'lisa_captcha_4', '$2b$12$qp87i0e9i6ELSyYEFmarMu/xriuLoFnmucesxinlph.VQeHipIEXy', TRUE);
INSERT INTO users (id, email, hashed_password, plan_id, subscription_status, subscription_start, subscription_end, created_at, profile_image_url, role, first_name, last_name, captcha_username, captcha_password_hash, is_active) VALUES ('f58dbd2c-b3ff-4ef4-abe5-38e20359395b', 'michael.johnson5@example.com', '$2b$12$q7y4hvlfWi9mkRDAbKhRXurHvJ6kElrEMLjMf/VY7kg7nfhLIrAxy', '3367d82f-7ecb-4ab0-9aa0-74b531ea319a', 'active', '2025-04-12T19:33:39.490687', '2025-10-28T19:33:39.490687', '2024-09-18T19:33:39.490687', 'https://ui-avatars.com/api/?name=Michael+Johnson', 'admin', 'Michael', 'Johnson', 'michael_captcha_5', '$2b$12$UvPcWM5dRGivIUqpt9MS.uep19uK1t5IueF5Utd/bt7WCXaI65kl6', TRUE);
INSERT INTO users (id, email, hashed_password, plan_id, subscription_status, subscription_start, subscription_end, created_at, profile_image_url, role, first_name, last_name, captcha_username, captcha_password_hash, is_active) VALUES ('d7f2a872-a93a-4347-ab06-54b1d2007725', 'james.johnson6@example.com', '$2b$12$sAHGRpCoGx0d6KxrtkV0E.i5UEGiiSEJIrBdPkp82R.I.aIZQtL62', 'fe4ac484-7afa-43aa-924c-c8c7299d0039', 'active', '2025-08-29T19:33:39.899009', '2025-11-25T19:33:39.899009', '2025-07-07T19:33:39.899009', 'https://ui-avatars.com/api/?name=James+Johnson', 'moderator', 'James', 'Johnson', 'james_captcha_6', '$2b$12$cBYaUMhf0wvTPEBKN7n2Be2AHZTR8kDKntQVF1jfocQU7DaZtPJ.2', TRUE);
INSERT INTO users (id, email, hashed_password, plan_id, subscription_status, subscription_start, subscription_end, created_at, profile_image_url, role, first_name, last_name, captcha_username, captcha_password_hash, is_active) VALUES ('7387811f-52db-4fab-bdd5-02c9a648dc49', 'john.johnson7@example.com', '$2b$12$mCiV2bvcT/uAohacra/W3O4AhxaA/gp1DOjfG/jDkfkJoxT9vlGs.', 'fe4ac484-7afa-43aa-924c-c8c7299d0039', 'active', '2025-07-13T19:33:40.318895', '2025-11-13T19:33:40.318895', '2025-05-17T19:33:40.318895', 'https://ui-avatars.com/api/?name=John+Johnson', 'user', 'John', 'Johnson', 'john_captcha_7', '$2b$12$ba18q3tLkYh4nDIuNsn3l./rw1ZaviVie11wRoCIJpqbmPko4EeFi', TRUE);
INSERT INTO users (id, email, hashed_password, plan_id, subscription_status, subscription_start, created_at, profile_image_url, role, first_name, last_name, captcha_username, captcha_password_hash, is_active) VALUES ('50e8c311-693e-40b9-94bb-d9fb0223c769', 'maria.davis8@example.com', '$2b$12$4HCgrNfS/6lTH9ncxzBxueNMYSOXZBY31YUTLDypu9bnbnv550Fo2', 'fe4ac484-7afa-43aa-924c-c8c7299d0039', 'trial', '2025-03-31T19:33:40.729906', '2025-06-11T19:33:40.729906', 'https://ui-avatars.com/api/?name=Maria+Davis', 'user', 'Maria', 'Davis', 'maria_captcha_8', '$2b$12$SmZVsDejWiJi5E5p6dwfh.g7bU1uuKFbL/mGmTv.VEIGzobrwP/PW', TRUE);
INSERT INTO users (id, email, hashed_password, plan_id, subscription_status, created_at, profile_image_url, role, first_name, last_name, captcha_username, captcha_password_hash, is_active) VALUES ('f321813a-40bb-46be-8db0-ab9a9b929ac7', 'david.williams9@example.com', '$2b$12$BGxyDnAh6ES/B9rP02HSN.CyxwQrGB0Q0QsTG5.0TCRx2pKcjLcqe', '4562140f-fc60-4bb8-8ed4-acffbb93bb54', 'free', '2024-10-19T19:33:41.132894', 'https://ui-avatars.com/api/?name=David+Williams', 'user', 'David', 'Williams', 'david_captcha_9', '$2b$12$1NhUWT3HFe.A1s.Wb41LBOeBLksCbw3PHbBVVxHjlKy79Z1aVfivK', FALSE);

-- USER_PROFILES TABLE DATA
----------------------------------------
INSERT INTO user_profiles (id, user_id, bio, company, job_title, phone, address, city, state, country, zip_code, website, linkedin, twitter, facebook, instagram, youtube, github, timezone, language, currency, email_notifications, sms_notifications, push_notifications, two_factor_enabled, api_key, api_secret, last_login_at, last_login_ip, login_count, created_at, updated_at) VALUES ('94cc34e0-8e3f-41a5-b54f-33d60a0b702c', '1921f774-d58d-4680-a98a-1c3532db6956', 'Professional with 16 years of experience in Finance', 'DataSoft', 'Manager', '+19152589221', '3477 First Street', 'Sydney', 'IL', 'Canada', '66174', 'https://www.techcorp.com', 'https://linkedin.com/in/user0', '@user0', 'https://facebook.com/user0', '@user0_insta', 'https://youtube.com/@user0', 'https://github.com/user0', 'UTC', 'de', 'USD', TRUE, TRUE, TRUE, TRUE, 'lB60MZE00ULjf2_BHnH2Nnwg4jH-j8UQTWLO3nQJLMg', 'OjTsyHi7Mf497SPgTcAl9ULGlKBPJTVm5iD4hbLyBJCQUDoeYvTR6mWtdRX4GmGE', '2025-08-09T08:33:41.344355', '192.168.113.120', 28, '2025-02-25T19:33:41.344355', '2025-08-22T19:33:41.344355');
INSERT INTO user_profiles (id, user_id, bio, company, job_title, phone, address, city, state, country, zip_code, website, linkedin, twitter, facebook, instagram, timezone, language, currency, email_notifications, sms_notifications, push_notifications, two_factor_enabled, api_key, api_secret, last_login_at, last_login_ip, login_count, created_at, updated_at) VALUES ('db77784a-9544-41bc-aeec-4a90d450fabd', 'ad2b2bec-0214-4b0a-87f8-dd37a002e46e', 'Professional with 6 years of experience in Technology', 'InfoSystems', 'Manager', '+12096814012', '7004 First Street', 'Los Angeles', 'TX', 'Australia', '53311', 'https://www.datasoft.com', 'https://linkedin.com/in/user1', '@user1', 'https://facebook.com/user1', '@user1_insta', 'Europe/London', 'en', 'CAD', TRUE, FALSE, TRUE, FALSE, 'dUUXDGRyvS-1jYKnmoUoX8IdAP5kcr3gbfxXPR5j518', '0V6hmNl3TjVSDLL0aAmKJzNL4tD8KYGeJrZupueKbUJm-Iy2okuhaai7Uu7CY4g8', '2025-08-23T10:33:41.344355', '192.168.51.207', 329, '2025-07-18T19:33:41.344355', '2025-08-10T19:33:41.344355');
INSERT INTO user_profiles (id, user_id, bio, company, job_title, phone, address, city, state, country, zip_code, website, linkedin, twitter, facebook, instagram, github, timezone, language, currency, email_notifications, sms_notifications, push_notifications, two_factor_enabled, api_key, api_secret, last_login_at, last_login_ip, login_count, created_at, updated_at) VALUES ('9ecb54d9-51ee-4f23-b824-d5059c9adb5d', '813e771a-86e8-4817-a74d-253e3accae94', 'Professional with 16 years of experience in Finance', 'DigiMarketing', 'Analyst', '+17458704175', '6547 First Street', 'Toronto', 'NY', 'United States', '52155', 'https://www.websolutions.com', 'https://linkedin.com/in/user2', '@user2', 'https://facebook.com/user2', '@user2_insta', 'https://github.com/user2', 'Europe/London', 'de', 'CAD', TRUE, TRUE, TRUE, FALSE, 'rLh1vMz0_lPv2F0-UMSoFqv996rj-HpA5IwuZYOz9ZA', '2GCcsFyKztXren-wSfQRvXWQCDvz5roLgo5wB_20VY5ovpZpLVf5bXT80bkTuJDX', '2025-08-21T23:33:41.344355', '192.168.231.88', 147, '2024-11-18T19:33:41.344355', '2025-08-28T19:33:41.344355');
INSERT INTO user_profiles (id, user_id, bio, company, job_title, phone, address, city, state, country, zip_code, website, linkedin, twitter, facebook, instagram, youtube, timezone, language, currency, email_notifications, sms_notifications, push_notifications, two_factor_enabled, api_key, api_secret, last_login_at, last_login_ip, login_count, created_at, updated_at) VALUES ('04032052-e8aa-4c8f-9435-bdfef9bb6818', '5abfe0dd-7b5e-4916-88fc-8f0f1cb8ae79', 'Professional with 9 years of experience in Healthcare', 'WebSolutions', 'Consultant', '+16822773495', '1553 Park Street', 'Chicago', 'FL', 'Australia', '42245', 'https://www.cloudnet.com', 'https://linkedin.com/in/user3', '@user3', 'https://facebook.com/user3', '@user3_insta', 'https://youtube.com/@user3', 'UTC', 'en', 'CAD', TRUE, FALSE, TRUE, TRUE, 'bDzqi-1jLeD6vcyJhdePWjWvMVrCK4I7SL-TZ0POjn0', 'Qd9S22rHqgip5xNuH5Vm9BR9pHD41GdAyCyTocZQvfJZtobvY8Rc6lgwyfqmPqql', '2025-08-15T06:33:41.344355', '192.168.176.204', 61, '2025-04-21T19:33:41.344355', '2025-08-20T19:33:41.344355');
INSERT INTO user_profiles (id, user_id, bio, company, job_title, phone, address, city, state, country, zip_code, website, linkedin, twitter, facebook, instagram, github, timezone, language, currency, email_notifications, sms_notifications, push_notifications, two_factor_enabled, api_key, api_secret, last_login_at, last_login_ip, login_count, created_at, updated_at) VALUES ('52e58d15-97ee-49f4-97e9-05c56184ea29', '90ac32b7-0f0b-4b7c-87e5-dfb95aed7bfd', 'Professional with 6 years of experience in Finance', 'CloudNet', 'Director', '+19827867986', '7985 Main Street', 'New York', 'TX', 'United States', '53615', 'https://www.digimarketing.com', 'https://linkedin.com/in/user4', '@user4', 'https://facebook.com/user4', '@user4_insta', 'https://github.com/user4', 'UTC', 'en', 'USD', TRUE, TRUE, TRUE, FALSE, 'suUvBIehZNUxWoAExFBAAsSoCE1hwN54IIfWEJJfyYE', '8kek2zz6QiwtAFGNr9rDFRpKmamdHAyTSFE9AXbwAULqMMwi7d4aejIJoZhyoxwp', '2025-08-24T17:33:41.344355', '192.168.195.157', 265, '2024-09-05T19:33:41.344355', '2025-08-18T19:33:41.344355');
INSERT INTO user_profiles (id, user_id, bio, company, job_title, phone, address, city, state, country, zip_code, website, linkedin, twitter, facebook, instagram, timezone, language, currency, email_notifications, sms_notifications, push_notifications, two_factor_enabled, last_login_at, last_login_ip, login_count, created_at, updated_at) VALUES ('34980e48-4020-4ef7-919f-379ea80fdd07', 'f58dbd2c-b3ff-4ef4-abe5-38e20359395b', 'Professional with 15 years of experience in Manufacturing', 'InfoSystems', 'Designer', '+12576998814', '3095 Second Street', 'Chicago', 'CA', 'United States', '73759', 'https://www.infosystems.com', 'https://linkedin.com/in/user5', '@user5', 'https://facebook.com/user5', '@user5_insta', 'America/New_York', 'fr', 'GBP', TRUE, FALSE, TRUE, FALSE, '2025-08-13T14:33:41.344355', '192.168.200.94', 41, '2025-07-25T19:33:41.344355', '2025-08-07T19:33:41.344355');
INSERT INTO user_profiles (id, user_id, bio, company, job_title, phone, address, city, state, country, zip_code, website, linkedin, twitter, facebook, instagram, youtube, github, timezone, language, currency, email_notifications, sms_notifications, push_notifications, two_factor_enabled, last_login_at, last_login_ip, login_count, created_at, updated_at) VALUES ('edf699ac-9241-4200-a644-4b1e9b4ceb08', 'd7f2a872-a93a-4347-ab06-54b1d2007725', 'Professional with 16 years of experience in Finance', 'WebSolutions', 'Manager', '+16627777331', '196 Park Street', 'Chicago', 'FL', 'United States', '87194', 'https://www.techcorp.com', 'https://linkedin.com/in/user6', '@user6', 'https://facebook.com/user6', '@user6_insta', 'https://youtube.com/@user6', 'https://github.com/user6', 'America/New_York', 'en', 'EUR', TRUE, TRUE, TRUE, TRUE, '2025-08-28T07:33:41.344355', '192.168.255.104', 7, '2025-01-16T19:33:41.344355', '2025-09-01T19:33:41.344355');
INSERT INTO user_profiles (id, user_id, bio, company, job_title, phone, address, city, state, country, zip_code, website, linkedin, twitter, facebook, instagram, timezone, language, currency, email_notifications, sms_notifications, push_notifications, two_factor_enabled, last_login_at, last_login_ip, login_count, created_at, updated_at) VALUES ('1230d01b-7caa-40b0-bb38-3195e4a66bf0', '7387811f-52db-4fab-bdd5-02c9a648dc49', 'Professional with 14 years of experience in Healthcare', 'DataSoft', 'Developer', '+18775261975', '201 Second Street', 'Chicago', 'CA', 'Germany', '87500', 'https://www.datasoft.com', 'https://linkedin.com/in/user7', '@user7', 'https://facebook.com/user7', '@user7_insta', 'America/Los_Angeles', 'fr', 'CAD', TRUE, FALSE, TRUE, FALSE, '2025-08-14T20:33:41.344355', '192.168.231.95', 82, '2025-05-31T19:33:41.344355', '2025-08-15T19:33:41.344355');
INSERT INTO user_profiles (id, user_id, bio, company, job_title, phone, address, city, state, country, zip_code, website, linkedin, twitter, facebook, instagram, github, timezone, language, currency, email_notifications, sms_notifications, push_notifications, two_factor_enabled, last_login_at, last_login_ip, login_count, created_at, updated_at) VALUES ('bcffc848-7466-43a0-b541-66582ee47ddf', '50e8c311-693e-40b9-94bb-d9fb0223c769', 'Professional with 2 years of experience in Retail', 'InfoSystems', 'Manager', '+15852236247', '1744 Second Street', 'Paris', 'WA', 'Canada', '61689', 'https://www.websolutions.com', 'https://linkedin.com/in/user8', '@user8', 'https://facebook.com/user8', '@user8_insta', 'https://github.com/user8', 'America/New_York', 'fr', 'GBP', TRUE, TRUE, TRUE, FALSE, '2025-08-15T12:33:41.344355', '192.168.150.228', 405, '2024-10-17T19:33:41.344355', '2025-08-26T19:33:41.344355');
INSERT INTO user_profiles (id, user_id, bio, company, job_title, phone, address, city, state, country, zip_code, website, linkedin, twitter, facebook, instagram, youtube, timezone, language, currency, email_notifications, sms_notifications, push_notifications, two_factor_enabled, last_login_at, last_login_ip, login_count, created_at, updated_at) VALUES ('04b1905d-8205-43dc-b4f2-abc90b960888', 'f321813a-40bb-46be-8db0-ab9a9b929ac7', 'Professional with 8 years of experience in Manufacturing', 'InfoSystems', 'Manager', '+19083127219', '2581 Second Street', 'Chicago', 'NY', 'United States', '18891', 'https://www.cloudnet.com', 'https://linkedin.com/in/user9', '@user9', 'https://facebook.com/user9', '@user9_insta', 'https://youtube.com/@user9', 'America/Los_Angeles', 'fr', 'GBP', TRUE, FALSE, TRUE, TRUE, '2025-08-16T03:33:41.344355', '192.168.191.159', 190, '2024-12-08T19:33:41.344355', '2025-08-23T19:33:41.344355');

-- USER_CONTACT_PROFILES TABLE DATA
----------------------------------------
INSERT INTO user_contact_profiles (id, user_id, prefix, first_name, middle_name, last_name, suffix, nickname, email_primary, email_secondary, phone_primary, phone_secondary, phone_mobile, phone_work, fax, address_line1, address_line2, city, state, postal_code, country, emergency_contact_name, emergency_contact_phone, emergency_contact_relationship, date_of_birth, gender, marital_status, nationality, preferred_contact_method, best_time_to_contact, contact_notes, created_at, updated_at) VALUES ('93e69e32-7361-4df9-9015-c64df86a14b2', '1921f774-d58d-4680-a98a-1c3532db6956', 'Dr.', 'John', 'C.', 'Smith', 'Jr.', 'Nick0', 'primary0@example.com', 'secondary0@example.com', '+14506641440', '+16995858002', '+18643803348', '+17366377831', '+13942963958', '9676 Main St', 'Suite 665', 'Paris', 'NY', '33571', 'United Kingdom', 'Emergency Contact 0', '+13872034012', 'Spouse', '1992-07-02T19:33:41.344355', 'Male', 'Single', 'Australia', 'phone', 'afternoon', 'Customer since 2020. VIP status.', '2025-02-26T19:33:41.344355', '2025-08-06T19:33:41.344355');
INSERT INTO user_contact_profiles (id, user_id, prefix, first_name, middle_name, last_name, nickname, email_primary, phone_primary, phone_mobile, address_line1, city, state, postal_code, country, emergency_contact_name, emergency_contact_phone, emergency_contact_relationship, date_of_birth, gender, marital_status, nationality, preferred_contact_method, best_time_to_contact, contact_notes, created_at, updated_at) VALUES ('6dbe556d-6b15-4bc1-8c9d-da7574bc072f', 'ad2b2bec-0214-4b0a-87f8-dd37a002e46e', 'Ms.', 'Jane', 'C.', 'Johnson', 'Nick1', 'primary1@example.com', '+17197215783', '+15215199942', '7777 Oak St', 'Los Angeles', 'FL', '83696', 'United States', 'Emergency Contact 1', '+16409326419', 'Spouse', '1978-08-02T19:33:41.344355', 'Prefer not to say', 'Divorced', 'Canada', 'email', 'morning', 'Customer since 2021. VIP status.', '2024-11-25T19:33:41.344355', '2025-08-07T19:33:41.344355');
INSERT INTO user_contact_profiles (id, user_id, prefix, first_name, middle_name, last_name, nickname, email_primary, email_secondary, phone_primary, phone_mobile, phone_work, address_line1, city, state, postal_code, country, emergency_contact_name, emergency_contact_phone, emergency_contact_relationship, date_of_birth, gender, marital_status, nationality, preferred_contact_method, best_time_to_contact, contact_notes, created_at, updated_at) VALUES ('d9721d3c-6e23-4f61-9a17-d35438f60130', '813e771a-86e8-4817-a74d-253e3accae94', 'Mrs.', 'Michael', 'C.', 'Williams', 'Nick2', 'primary2@example.com', 'secondary2@example.com', '+13134405566', '+14834628535', '+17176921176', '3187 Oak St', 'Paris', 'FL', '30847', 'Germany', 'Emergency Contact 2', '+16434579236', 'Parent', '1975-12-20T19:33:41.344355', 'Prefer not to say', 'Single', 'Canada', 'sms', 'morning', 'Customer since 2022. VIP status.', '2024-12-27T19:33:41.344355', '2025-08-21T19:33:41.344355');
INSERT INTO user_contact_profiles (id, user_id, prefix, first_name, middle_name, last_name, nickname, email_primary, phone_primary, phone_secondary, phone_mobile, address_line1, address_line2, city, state, postal_code, country, emergency_contact_name, emergency_contact_phone, emergency_contact_relationship, date_of_birth, gender, marital_status, nationality, preferred_contact_method, best_time_to_contact, created_at, updated_at) VALUES ('4f932e6d-8f46-41fb-919c-c6e03d343216', '5abfe0dd-7b5e-4916-88fc-8f0f1cb8ae79', 'Mrs.', 'Sarah', 'A.', 'Brown', 'Nick3', 'primary3@example.com', '+16783377629', '+12823173633', '+15119591665', '1724 Main St', 'Suite 484', 'London', 'NY', '65441', 'Canada', 'Emergency Contact 3', '+17813941786', 'Spouse', '1999-12-24T19:33:41.344355', 'Male', 'Divorced', 'United States', 'phone', 'morning', '2024-10-31T19:33:41.344355', '2025-08-21T19:33:41.344355');
INSERT INTO user_contact_profiles (id, user_id, prefix, first_name, last_name, nickname, email_primary, email_secondary, phone_primary, phone_mobile, phone_work, address_line1, city, state, postal_code, country, emergency_contact_name, emergency_contact_phone, emergency_contact_relationship, date_of_birth, gender, marital_status, nationality, preferred_contact_method, best_time_to_contact, created_at, updated_at) VALUES ('8a518bd9-d740-4673-bf23-fcbaa192e041', '90ac32b7-0f0b-4b7c-87e5-dfb95aed7bfd', 'Mrs.', 'David', 'Jones', 'Nick4', 'primary4@example.com', 'secondary4@example.com', '+18816648239', '+19115802022', '+14656773835', '4867 Main St', 'London', 'FL', '22348', 'United States', 'Emergency Contact 4', '+18336807418', 'Sibling', '1995-08-02T19:33:41.344355', 'Other', 'Divorced', 'Canada', 'phone', 'afternoon', '2024-09-26T19:33:41.344355', '2025-08-08T19:33:41.344355');
INSERT INTO user_contact_profiles (id, user_id, first_name, middle_name, last_name, nickname, email_primary, phone_primary, phone_mobile, fax, address_line1, city, state, postal_code, country, emergency_contact_name, emergency_contact_phone, emergency_contact_relationship, date_of_birth, gender, marital_status, nationality, preferred_contact_method, best_time_to_contact, created_at, updated_at) VALUES ('7f106d08-3507-429b-a6a1-fdf6531710dd', 'f58dbd2c-b3ff-4ef4-abe5-38e20359395b', 'Emma', 'A.', 'Garcia', 'Nick5', 'primary5@example.com', '+14307112079', '+15309997094', '+19188206235', '9039 Oak St', 'Chicago', 'CA', '96128', 'Canada', 'Emergency Contact 5', '+19463597076', 'Parent', '1969-04-16T19:33:41.344355', 'Female', 'Married', 'France', 'phone', 'afternoon', '2024-11-06T19:33:41.344355', '2025-08-15T19:33:41.344355');
INSERT INTO user_contact_profiles (id, user_id, prefix, first_name, last_name, nickname, email_primary, email_secondary, phone_primary, phone_secondary, phone_mobile, phone_work, address_line1, address_line2, city, state, postal_code, country, emergency_contact_name, emergency_contact_phone, emergency_contact_relationship, date_of_birth, gender, marital_status, nationality, preferred_contact_method, best_time_to_contact, created_at, updated_at) VALUES ('2deacf7f-3c31-425d-872f-b368a2c8e74d', 'd7f2a872-a93a-4347-ab06-54b1d2007725', 'Dr.', 'James', 'Miller', 'Nick6', 'primary6@example.com', 'secondary6@example.com', '+14815266629', '+14484752698', '+12216571822', '+17123675443', '473 Oak St', 'Suite 338', 'Chicago', 'CA', '80976', 'Germany', 'Emergency Contact 6', '+14828803083', 'Friend', '1989-03-15T19:33:41.344355', 'Female', 'Married', 'United States', 'sms', 'afternoon', '2025-05-09T19:33:41.344355', '2025-09-01T19:33:41.344355');
INSERT INTO user_contact_profiles (id, user_id, first_name, last_name, nickname, email_primary, phone_primary, phone_mobile, address_line1, city, state, postal_code, country, emergency_contact_name, emergency_contact_phone, emergency_contact_relationship, date_of_birth, gender, marital_status, nationality, preferred_contact_method, best_time_to_contact, created_at, updated_at) VALUES ('fb76f19c-0a11-4674-93e3-85545ad2fbb8', '7387811f-52db-4fab-bdd5-02c9a648dc49', 'Lisa', 'Davis', 'Nick7', 'primary7@example.com', '+13255034005', '+19147378623', '7983 Oak St', 'New York', 'TX', '82261', 'Australia', 'Emergency Contact 7', '+17047874193', 'Parent', '1988-04-15T19:33:41.344355', 'Male', 'Single', 'United Kingdom', 'phone', 'evening', '2025-01-27T19:33:41.344883', '2025-08-06T19:33:41.344883');
INSERT INTO user_contact_profiles (id, user_id, prefix, first_name, middle_name, last_name, nickname, email_primary, email_secondary, phone_primary, phone_mobile, phone_work, address_line1, city, state, postal_code, country, emergency_contact_name, emergency_contact_phone, emergency_contact_relationship, date_of_birth, gender, marital_status, nationality, preferred_contact_method, best_time_to_contact, created_at, updated_at) VALUES ('1b14d036-1d4f-424f-8a9d-3248d747f69f', '50e8c311-693e-40b9-94bb-d9fb0223c769', 'Ms.', 'Robert', 'B.', 'Rodriguez', 'Nick8', 'primary8@example.com', 'secondary8@example.com', '+12615172840', '+14522676399', '+15873786002', '7309 Oak St', 'Los Angeles', 'TX', '86375', 'France', 'Emergency Contact 8', '+17128924766', 'Sibling', '1974-08-25T19:33:41.344883', 'Other', 'Single', 'Germany', 'email', 'morning', '2025-06-08T19:33:41.344883', '2025-08-21T19:33:41.344883');
INSERT INTO user_contact_profiles (id, user_id, prefix, first_name, middle_name, last_name, nickname, email_primary, phone_primary, phone_secondary, phone_mobile, address_line1, address_line2, city, state, postal_code, country, emergency_contact_name, emergency_contact_phone, emergency_contact_relationship, date_of_birth, gender, marital_status, nationality, preferred_contact_method, best_time_to_contact, created_at, updated_at) VALUES ('1a75ce3e-eb2a-4870-991b-b8eaf02d1343', 'f321813a-40bb-46be-8db0-ab9a9b929ac7', 'Mr.', 'Maria', 'A.', 'Martinez', 'Nick9', 'primary9@example.com', '+13239382386', '+13989642548', '+16022821681', '5481 Park St', 'Suite 826', 'Toronto', 'TX', '84628', 'United States', 'Emergency Contact 9', '+12222829366', 'Spouse', '1984-01-31T19:33:41.344883', 'Other', 'Married', 'United States', 'email', 'afternoon', '2025-03-05T19:33:41.344883', '2025-09-03T19:33:41.344883');

-- WEBSITES TABLE DATA
----------------------------------------
INSERT INTO websites (id, user_id, domain, name, description, category, status, ssl_enabled, analytics_code, meta_title, meta_description, meta_keywords, favicon_url, logo_url, primary_color, secondary_color, font_family, custom_css, custom_js, contact_email, support_email, phone_number, address, social_links, created_at, updated_at) VALUES ('0e2cdfce-55b0-4fa6-b140-081d2a6001d9', '1921f774-d58d-4680-a98a-1c3532db6956', 'www.site0-0.com', 'Website 0-0', 'This is a test website for user 0', 'E-commerce', 'active', TRUE, 'UA-745906-0', 'Welcome to Site 0-0', 'Description for site 0-0', 'keyword0, test, website, demo', 'https://www.site0-0.com/favicon.ico', 'https://www.site0-0.com/logo.png', '#314082', '#987324', 'Roboto', 'body { margin: 0; padding: 0; }', 'console.log("Welcome!");', 'contact@site0-0.com', 'support@site0-0.com', '+12263896071', '422 Web Street', '{"facebook": "https://facebook.com/site0", "twitter": "https://twitter.com/site0", "instagram": "https://instagram.com/site0"}', '2024-12-28T19:33:41.344883', '2025-09-03T19:33:41.344883');
INSERT INTO websites (id, user_id, domain, name, description, category, status, ssl_enabled, analytics_code, meta_title, meta_description, meta_keywords, favicon_url, logo_url, primary_color, secondary_color, font_family, custom_css, custom_js, contact_email, support_email, phone_number, address, social_links, created_at, updated_at) VALUES ('6e9a95cc-46bb-490c-b86e-a88785366825', '1921f774-d58d-4680-a98a-1c3532db6956', 'www.site0-1.com', 'Website 0-1', 'This is a test website for user 0', 'Blog', 'inactive', TRUE, 'UA-174593-0', 'Welcome to Site 0-1', 'Description for site 0-1', 'keyword0, test, website, demo', 'https://www.site0-1.com/favicon.ico', 'https://www.site0-1.com/logo.png', '#813453', '#922151', 'Arial', 'body { margin: 0; padding: 0; }', 'console.log("Welcome!");', 'contact@site0-1.com', 'support@site0-1.com', '+17102977940', '191 Web Street', '{"facebook": "https://facebook.com/site0", "twitter": "https://twitter.com/site0", "instagram": "https://instagram.com/site0"}', '2025-02-19T19:33:41.344883', '2025-08-12T19:33:41.344883');
INSERT INTO websites (id, user_id, domain, name, description, category, status, ssl_enabled, analytics_code, meta_title, meta_description, meta_keywords, favicon_url, logo_url, primary_color, secondary_color, font_family, custom_css, custom_js, contact_email, support_email, phone_number, address, social_links, created_at, updated_at) VALUES ('855fc907-cc49-4b15-b2aa-3e76e75c7e91', '1921f774-d58d-4680-a98a-1c3532db6956', 'www.site0-2.com', 'Website 0-2', 'This is a test website for user 0', 'Corporate', 'active', TRUE, 'UA-116091-0', 'Welcome to Site 0-2', 'Description for site 0-2', 'keyword0, test, website, demo', 'https://www.site0-2.com/favicon.ico', 'https://www.site0-2.com/logo.png', '#105331', '#347890', 'Roboto', 'body { margin: 0; padding: 0; }', 'console.log("Welcome!");', 'contact@site0-2.com', 'support@site0-2.com', '+15444873270', '787 Web Street', '{"facebook": "https://facebook.com/site0", "twitter": "https://twitter.com/site0", "instagram": "https://instagram.com/site0"}', '2025-03-18T19:33:41.344883', '2025-09-03T19:33:41.344883');
INSERT INTO websites (id, user_id, domain, name, description, category, status, ssl_enabled, analytics_code, meta_title, meta_description, meta_keywords, favicon_url, logo_url, primary_color, secondary_color, font_family, contact_email, support_email, phone_number, address, social_links, created_at, updated_at) VALUES ('6c315542-7d26-437d-bcd5-e38d8cbdf8f3', 'ad2b2bec-0214-4b0a-87f8-dd37a002e46e', 'www.site1-0.com', 'Website 1-0', 'This is a test website for user 1', 'Landing Page', 'active', TRUE, 'UA-636150-1', 'Welcome to Site 1-0', 'Description for site 1-0', 'keyword1, test, website, demo', 'https://www.site1-0.com/favicon.ico', 'https://www.site1-0.com/logo.png', '#538040', '#505767', 'Lato', 'contact@site1-0.com', 'support@site1-0.com', '+16319808176', '880 Web Street', '{"facebook": "https://facebook.com/site1", "twitter": "https://twitter.com/site1", "instagram": "https://instagram.com/site1"}', '2025-05-23T19:33:41.344883', '2025-08-24T19:33:41.344883');
INSERT INTO websites (id, user_id, domain, name, description, category, status, ssl_enabled, analytics_code, meta_title, meta_description, meta_keywords, favicon_url, logo_url, primary_color, secondary_color, font_family, contact_email, support_email, phone_number, address, social_links, created_at, updated_at) VALUES ('63b843df-3912-45ae-8fc4-ed9e288afca6', 'ad2b2bec-0214-4b0a-87f8-dd37a002e46e', 'www.site1-1.com', 'Website 1-1', 'This is a test website for user 1', 'Corporate', 'pending', TRUE, 'UA-933221-1', 'Welcome to Site 1-1', 'Description for site 1-1', 'keyword1, test, website, demo', 'https://www.site1-1.com/favicon.ico', 'https://www.site1-1.com/logo.png', '#237692', '#421965', 'Roboto', 'contact@site1-1.com', 'support@site1-1.com', '+13762761549', '613 Web Street', '{"facebook": "https://facebook.com/site1", "twitter": "https://twitter.com/site1", "instagram": "https://instagram.com/site1"}', '2025-02-28T19:33:41.344883', '2025-08-17T19:33:41.344883');
INSERT INTO websites (id, user_id, domain, name, description, category, status, ssl_enabled, analytics_code, meta_title, meta_description, meta_keywords, favicon_url, logo_url, primary_color, secondary_color, font_family, contact_email, support_email, phone_number, address, social_links, created_at, updated_at) VALUES ('a5083256-8a07-4c58-8d28-a3df8e8cc004', 'ad2b2bec-0214-4b0a-87f8-dd37a002e46e', 'www.site1-2.com', 'Website 1-2', 'This is a test website for user 1', 'Landing Page', 'pending', TRUE, 'UA-100723-1', 'Welcome to Site 1-2', 'Description for site 1-2', 'keyword1, test, website, demo', 'https://www.site1-2.com/favicon.ico', 'https://www.site1-2.com/logo.png', '#896642', '#591446', 'Lato', 'contact@site1-2.com', 'support@site1-2.com', '+15538639338', '276 Web Street', '{"facebook": "https://facebook.com/site1", "twitter": "https://twitter.com/site1", "instagram": "https://instagram.com/site1"}', '2025-02-13T19:33:41.344883', '2025-08-20T19:33:41.344883');
INSERT INTO websites (id, user_id, domain, name, description, category, status, ssl_enabled, analytics_code, meta_title, meta_description, meta_keywords, favicon_url, logo_url, primary_color, secondary_color, font_family, contact_email, support_email, phone_number, address, social_links, created_at, updated_at) VALUES ('d70f5250-4562-4867-b699-3f57f47ff56d', '813e771a-86e8-4817-a74d-253e3accae94', 'www.site2-0.com', 'Website 2-0', 'This is a test website for user 2', 'Portfolio', 'active', TRUE, 'UA-621955-2', 'Welcome to Site 2-0', 'Description for site 2-0', 'keyword2, test, website, demo', 'https://www.site2-0.com/favicon.ico', 'https://www.site2-0.com/logo.png', '#381728', '#234836', 'Arial', 'contact@site2-0.com', 'support@site2-0.com', '+15135272392', '400 Web Street', '{"facebook": "https://facebook.com/site2", "twitter": "https://twitter.com/site2", "instagram": "https://instagram.com/site2"}', '2025-05-09T19:33:41.344883', '2025-08-29T19:33:41.344883');
INSERT INTO websites (id, user_id, domain, name, description, category, status, ssl_enabled, analytics_code, meta_title, meta_description, meta_keywords, favicon_url, logo_url, primary_color, secondary_color, font_family, contact_email, support_email, phone_number, address, social_links, created_at, updated_at) VALUES ('93f71ba2-b270-44cf-83bb-75911fed01bd', '813e771a-86e8-4817-a74d-253e3accae94', 'www.site2-1.com', 'Website 2-1', 'This is a test website for user 2', 'E-commerce', 'inactive', TRUE, 'UA-136804-2', 'Welcome to Site 2-1', 'Description for site 2-1', 'keyword2, test, website, demo', 'https://www.site2-1.com/favicon.ico', 'https://www.site2-1.com/logo.png', '#294344', '#173689', 'Arial', 'contact@site2-1.com', 'support@site2-1.com', '+13695744380', '923 Web Street', '{"facebook": "https://facebook.com/site2", "twitter": "https://twitter.com/site2", "instagram": "https://instagram.com/site2"}', '2025-02-16T19:33:41.344883', '2025-08-28T19:33:41.344883');
INSERT INTO websites (id, user_id, domain, name, description, category, status, ssl_enabled, analytics_code, meta_title, meta_description, meta_keywords, favicon_url, logo_url, primary_color, secondary_color, font_family, contact_email, support_email, phone_number, address, social_links, created_at, updated_at) VALUES ('b248c906-00a4-40f5-8502-f2a1b2ad892d', '813e771a-86e8-4817-a74d-253e3accae94', 'www.site2-2.com', 'Website 2-2', 'This is a test website for user 2', 'Blog', 'pending', TRUE, 'UA-939441-2', 'Welcome to Site 2-2', 'Description for site 2-2', 'keyword2, test, website, demo', 'https://www.site2-2.com/favicon.ico', 'https://www.site2-2.com/logo.png', '#157115', '#877509', 'Open Sans', 'contact@site2-2.com', 'support@site2-2.com', '+18622199149', '222 Web Street', '{"facebook": "https://facebook.com/site2", "twitter": "https://twitter.com/site2", "instagram": "https://instagram.com/site2"}', '2025-02-17T19:33:41.344883', '2025-09-03T19:33:41.344883');
INSERT INTO websites (id, user_id, domain, name, description, category, status, ssl_enabled, analytics_code, meta_title, meta_description, meta_keywords, favicon_url, logo_url, primary_color, secondary_color, font_family, custom_css, contact_email, support_email, phone_number, address, social_links, created_at, updated_at) VALUES ('99fe973e-92a8-4d39-8a6e-a75c72697a31', '5abfe0dd-7b5e-4916-88fc-8f0f1cb8ae79', 'www.site3-0.com', 'Website 3-0', 'This is a test website for user 3', 'Blog', 'active', TRUE, 'UA-608575-3', 'Welcome to Site 3-0', 'Description for site 3-0', 'keyword3, test, website, demo', 'https://www.site3-0.com/favicon.ico', 'https://www.site3-0.com/logo.png', '#683481', '#411803', 'Arial', 'body { margin: 0; padding: 0; }', 'contact@site3-0.com', 'support@site3-0.com', '+15109996797', '177 Web Street', '{"facebook": "https://facebook.com/site3", "twitter": "https://twitter.com/site3", "instagram": "https://instagram.com/site3"}', '2025-04-30T19:33:41.344883', '2025-08-16T19:33:41.344883');
INSERT INTO websites (id, user_id, domain, name, description, category, status, ssl_enabled, analytics_code, meta_title, meta_description, meta_keywords, favicon_url, logo_url, primary_color, secondary_color, font_family, custom_css, contact_email, support_email, phone_number, address, social_links, created_at, updated_at) VALUES ('f1c80b2a-5ccc-4853-864b-9d8bfc21c904', '5abfe0dd-7b5e-4916-88fc-8f0f1cb8ae79', 'www.site3-1.com', 'Website 3-1', 'This is a test website for user 3', 'Blog', 'pending', TRUE, 'UA-662532-3', 'Welcome to Site 3-1', 'Description for site 3-1', 'keyword3, test, website, demo', 'https://www.site3-1.com/favicon.ico', 'https://www.site3-1.com/logo.png', '#805361', '#640748', 'Open Sans', 'body { margin: 0; padding: 0; }', 'contact@site3-1.com', 'support@site3-1.com', '+14868083814', '484 Web Street', '{"facebook": "https://facebook.com/site3", "twitter": "https://twitter.com/site3", "instagram": "https://instagram.com/site3"}', '2025-01-11T19:33:41.344883', '2025-08-18T19:33:41.344883');
INSERT INTO websites (id, user_id, domain, name, description, category, status, ssl_enabled, analytics_code, meta_title, meta_description, meta_keywords, favicon_url, logo_url, primary_color, secondary_color, font_family, custom_js, contact_email, support_email, phone_number, address, social_links, created_at, updated_at) VALUES ('91bc007b-9a06-48a4-a461-ff122a8208da', '90ac32b7-0f0b-4b7c-87e5-dfb95aed7bfd', 'www.site4-0.com', 'Website 4-0', 'This is a test website for user 4', 'Blog', 'active', TRUE, 'UA-233213-4', 'Welcome to Site 4-0', 'Description for site 4-0', 'keyword4, test, website, demo', 'https://www.site4-0.com/favicon.ico', 'https://www.site4-0.com/logo.png', '#447459', '#485584', 'Open Sans', 'console.log("Welcome!");', 'contact@site4-0.com', 'support@site4-0.com', '+13974033781', '188 Web Street', '{"facebook": "https://facebook.com/site4", "twitter": "https://twitter.com/site4", "instagram": "https://instagram.com/site4"}', '2025-05-23T19:33:41.344883', '2025-08-27T19:33:41.344883');
INSERT INTO websites (id, user_id, domain, name, description, category, status, ssl_enabled, analytics_code, meta_title, meta_description, meta_keywords, favicon_url, logo_url, primary_color, secondary_color, font_family, custom_js, contact_email, support_email, phone_number, address, social_links, created_at, updated_at) VALUES ('103d30d0-3cbb-4444-acad-bbc6f0da943f', '90ac32b7-0f0b-4b7c-87e5-dfb95aed7bfd', 'www.site4-1.com', 'Website 4-1', 'This is a test website for user 4', 'Landing Page', 'inactive', TRUE, 'UA-382147-4', 'Welcome to Site 4-1', 'Description for site 4-1', 'keyword4, test, website, demo', 'https://www.site4-1.com/favicon.ico', 'https://www.site4-1.com/logo.png', '#406307', '#581472', 'Open Sans', 'console.log("Welcome!");', 'contact@site4-1.com', 'support@site4-1.com', '+16368342350', '651 Web Street', '{"facebook": "https://facebook.com/site4", "twitter": "https://twitter.com/site4", "instagram": "https://instagram.com/site4"}', '2025-05-19T19:33:41.344883', '2025-08-14T19:33:41.344883');
INSERT INTO websites (id, user_id, domain, name, description, category, status, ssl_enabled, analytics_code, meta_title, meta_description, meta_keywords, favicon_url, logo_url, primary_color, secondary_color, font_family, contact_email, support_email, phone_number, address, social_links, created_at, updated_at) VALUES ('3e2b1cb8-96fe-4ec3-adc4-42dad43fb691', 'f58dbd2c-b3ff-4ef4-abe5-38e20359395b', 'www.site5-0.com', 'Website 5-0', 'This is a test website for user 5', 'Portfolio', 'active', TRUE, 'UA-210585-5', 'Welcome to Site 5-0', 'Description for site 5-0', 'keyword5, test, website, demo', 'https://www.site5-0.com/favicon.ico', 'https://www.site5-0.com/logo.png', '#354429', '#400553', 'Open Sans', 'contact@site5-0.com', 'support@site5-0.com', '+13959544116', '510 Web Street', '{"facebook": "https://facebook.com/site5", "twitter": "https://twitter.com/site5", "instagram": "https://instagram.com/site5"}', '2024-12-30T19:33:41.344883', '2025-08-31T19:33:41.344883');
INSERT INTO websites (id, user_id, domain, name, description, category, status, ssl_enabled, analytics_code, meta_title, meta_description, meta_keywords, favicon_url, logo_url, primary_color, secondary_color, font_family, custom_css, contact_email, support_email, phone_number, address, social_links, created_at, updated_at) VALUES ('c79a149f-d14b-4a50-af45-3c709a845579', 'd7f2a872-a93a-4347-ab06-54b1d2007725', 'www.site6-0.com', 'Website 6-0', 'This is a test website for user 6', 'Landing Page', 'active', TRUE, 'UA-682727-6', 'Welcome to Site 6-0', 'Description for site 6-0', 'keyword6, test, website, demo', 'https://www.site6-0.com/favicon.ico', 'https://www.site6-0.com/logo.png', '#811123', '#691605', 'Open Sans', 'body { margin: 0; padding: 0; }', 'contact@site6-0.com', 'support@site6-0.com', '+16777795144', '259 Web Street', '{"facebook": "https://facebook.com/site6", "twitter": "https://twitter.com/site6", "instagram": "https://instagram.com/site6"}', '2024-11-23T19:33:41.344883', '2025-09-03T19:33:41.344883');
INSERT INTO websites (id, user_id, domain, name, description, category, status, ssl_enabled, analytics_code, meta_title, meta_description, meta_keywords, favicon_url, logo_url, primary_color, secondary_color, font_family, contact_email, support_email, phone_number, address, social_links, created_at, updated_at) VALUES ('26204636-53f7-49b4-93d6-a03c134ae363', '7387811f-52db-4fab-bdd5-02c9a648dc49', 'www.site7-0.com', 'Website 7-0', 'This is a test website for user 7', 'Portfolio', 'active', TRUE, 'UA-729547-7', 'Welcome to Site 7-0', 'Description for site 7-0', 'keyword7, test, website, demo', 'https://www.site7-0.com/favicon.ico', 'https://www.site7-0.com/logo.png', '#132152', '#817639', 'Roboto', 'contact@site7-0.com', 'support@site7-0.com', '+17898775197', '665 Web Street', '{"facebook": "https://facebook.com/site7", "twitter": "https://twitter.com/site7", "instagram": "https://instagram.com/site7"}', '2025-02-04T19:33:41.344883', '2025-08-19T19:33:41.344883');

-- CAMPAIGNS TABLE DATA
----------------------------------------
INSERT INTO campaigns (id, user_id, name, csv_filename, started_at, completed_at, status, total_records, processed_records, success_count, failure_count, settings, created_at) VALUES ('2aea61f7-7a2f-4125-9d10-ffaf7c93e1a4', 'ad2b2bec-0214-4b0a-87f8-dd37a002e46e', 'Campaign 1-0 - Summer Sale', 'campaign_1_0_data.csv', '2025-08-03T19:33:41.345434', '2025-09-03T19:33:41.345434', 'draft', 1485, 2243, 3318, 420, '{"email_template": "template_1", "send_time": "immediate", "retry_failed": true, "max_retries": 3}', '2025-05-01T19:33:41.345434');
INSERT INTO campaigns (id, user_id, name, started_at, status, total_records, processed_records, success_count, failure_count, settings, created_at) VALUES ('7e526b78-5401-478d-9df1-5f564254099e', 'ad2b2bec-0214-4b0a-87f8-dd37a002e46e', 'Campaign 1-1 - Survey', '2025-07-06T19:33:41.345434', 'completed', 9219, 2249, 797, 615, '{"email_template": "template_1", "send_time": "immediate", "retry_failed": true, "max_retries": 3}', '2025-04-25T19:33:41.345434');
INSERT INTO campaigns (id, user_id, name, csv_filename, started_at, completed_at, status, total_records, processed_records, success_count, failure_count, settings, created_at) VALUES ('5c9427ce-2aa5-4a80-9d2d-819f6f0e9dd0', '5abfe0dd-7b5e-4916-88fc-8f0f1cb8ae79', 'Campaign 3-0 - Survey', 'campaign_3_0_data.csv', '2025-07-19T19:33:41.345434', '2025-09-02T19:33:41.345434', 'completed', 4645, 649, 3432, 312, '{"email_template": "template_1", "send_time": "immediate", "retry_failed": true, "max_retries": 3}', '2025-05-18T19:33:41.345434');
INSERT INTO campaigns (id, user_id, name, started_at, status, total_records, processed_records, success_count, failure_count, settings, created_at) VALUES ('b01a38cb-c73a-4ba4-a83b-f54e62846a24', '5abfe0dd-7b5e-4916-88fc-8f0f1cb8ae79', 'Campaign 3-1 - Summer Sale', '2025-07-30T19:33:41.345434', 'paused', 8599, 2921, 3677, 676, '{"email_template": "template_1", "send_time": "immediate", "retry_failed": true, "max_retries": 3}', '2025-05-26T19:33:41.345434');
INSERT INTO campaigns (id, user_id, name, csv_filename, started_at, status, total_records, processed_records, success_count, failure_count, settings, created_at) VALUES ('fdaec537-eb46-4823-8d61-b514ef103749', '5abfe0dd-7b5e-4916-88fc-8f0f1cb8ae79', 'Campaign 3-2 - Summer Sale', 'campaign_3_2_data.csv', '2025-08-19T19:33:41.345434', 'active', 967, 3579, 615, 178, '{"email_template": "template_1", "send_time": "immediate", "retry_failed": true, "max_retries": 3}', '2025-04-27T19:33:41.345434');
INSERT INTO campaigns (id, user_id, name, started_at, completed_at, status, total_records, processed_records, success_count, failure_count, settings, created_at) VALUES ('69328a97-2aef-44a0-94e8-0361b827c3da', '5abfe0dd-7b5e-4916-88fc-8f0f1cb8ae79', 'Campaign 3-3 - New Product', '2025-08-01T19:33:41.345434', '2025-09-02T19:33:41.345434', 'active', 166, 2425, 1570, 371, '{"email_template": "template_1", "send_time": "immediate", "retry_failed": true, "max_retries": 3}', '2025-07-17T19:33:41.345434');
INSERT INTO campaigns (id, user_id, name, csv_filename, started_at, completed_at, status, total_records, processed_records, success_count, failure_count, settings, created_at) VALUES ('66d46a6c-0e76-45d8-b734-47daad987c8a', 'd7f2a872-a93a-4347-ab06-54b1d2007725', 'Campaign 6-0 - Survey', 'campaign_6_0_data.csv', '2025-07-22T19:33:41.345434', '2025-09-02T19:33:41.345434', 'paused', 7746, 4242, 563, 522, '{"email_template": "template_1", "send_time": "immediate", "retry_failed": true, "max_retries": 3}', '2025-04-15T19:33:41.345434');
INSERT INTO campaigns (id, user_id, name, started_at, status, total_records, processed_records, success_count, failure_count, settings, created_at) VALUES ('5e21f95c-ab0b-47ed-bbc4-f71b7fb5cb67', 'd7f2a872-a93a-4347-ab06-54b1d2007725', 'Campaign 6-1 - New Product', '2025-08-28T19:33:41.345434', 'paused', 4610, 3137, 1605, 866, '{"email_template": "template_1", "send_time": "immediate", "retry_failed": true, "max_retries": 3}', '2025-06-04T19:33:41.345434');
INSERT INTO campaigns (id, user_id, name, csv_filename, started_at, completed_at, status, total_records, processed_records, success_count, failure_count, settings, created_at) VALUES ('c96c1067-1bc5-42f3-88c6-04b0c4597c99', '7387811f-52db-4fab-bdd5-02c9a648dc49', 'Campaign 7-0 - Survey', 'campaign_7_0_data.csv', '2025-08-04T19:33:41.345434', '2025-09-02T19:33:41.345434', 'draft', 3993, 4545, 1246, 194, '{"email_template": "template_1", "send_time": "immediate", "retry_failed": true, "max_retries": 3}', '2025-06-28T19:33:41.345434');

-- SUBMISSIONS TABLE DATA
----------------------------------------
INSERT INTO submissions (id, website_id, campaign_id, form_name, submitter_name, submitter_email, submitter_phone, subject, message, form_data, ip_address, user_agent, status, processed_at, notes, created_at, updated_at) VALUES ('ff2b6645-13e2-40bf-90a6-f8a106657ce8', '0e2cdfce-55b0-4fa6-b140-081d2a6001d9', '7e526b78-5401-478d-9df1-5f564254099e', 'Quote Request', 'David Miller', 'submitter0@example.com', '+16267822726', 'Inquiry', 'This is a test submission message number 0. Lorem ipsum dolor sit amet.', '{"field1": "value0", "field2": 35, "field3": "option2"}', '28.103.229.66', 'Mozilla/5.0 (X11; Linux x86_64) Firefox/89.0', 'pending', '2025-09-02T14:33:41.345688', 'Auto-generated test submission', '2025-08-22T19:33:41.345688', '2025-08-29T19:33:41.345688');
INSERT INTO submissions (id, website_id, campaign_id, form_name, submitter_name, submitter_email, subject, message, form_data, ip_address, user_agent, referrer, status, created_at, updated_at) VALUES ('4220f5b1-fcfc-41e2-b286-4d05a0a3fa29', '0e2cdfce-55b0-4fa6-b140-081d2a6001d9', 'b01a38cb-c73a-4ba4-a83b-f54e62846a24', 'Contact Form', 'David Brown', 'submitter1@example.com', 'Feedback', 'This is a test submission message number 1. Lorem ipsum dolor sit amet.', '{"field1": "value1", "field2": 15, "field3": "option1"}', '64.98.76.155', 'Mozilla/5.0 (X11; Linux x86_64) Firefox/89.0', 'https://google.com', 'failed', '2025-08-04T19:33:41.345688', '2025-08-29T19:33:41.345688');
INSERT INTO submissions (id, website_id, campaign_id, form_name, submitter_name, submitter_email, submitter_phone, subject, message, form_data, ip_address, user_agent, referrer, status, processed_at, created_at, updated_at) VALUES ('304623e6-3698-47d1-b659-f397d28f283a', '0e2cdfce-55b0-4fa6-b140-081d2a6001d9', '2aea61f7-7a2f-4125-9d10-ffaf7c93e1a4', 'Newsletter Signup', 'Lisa Davis', 'submitter2@example.com', '+19739896550', 'Information', 'This is a test submission message number 2. Lorem ipsum dolor sit amet.', '{"field1": "value2", "field2": 59, "field3": "option3"}', '158.251.220.206', 'Mozilla/5.0 (X11; Linux x86_64) Firefox/89.0', 'https://google.com', 'processed', '2025-09-03T18:33:41.345688', '2025-08-09T19:33:41.345688', '2025-08-27T19:33:41.345688');
INSERT INTO submissions (id, website_id, campaign_id, form_name, submitter_name, submitter_email, subject, message, form_data, ip_address, user_agent, referrer, status, created_at, updated_at) VALUES ('da7b1ab1-8a7d-496b-ac76-c2656d9e032c', '0e2cdfce-55b0-4fa6-b140-081d2a6001d9', '7e526b78-5401-478d-9df1-5f564254099e', 'Support Ticket', 'John Garcia', 'submitter3@example.com', 'Request', 'This is a test submission message number 3. Lorem ipsum dolor sit amet.', '{"field1": "value3", "field2": 38, "field3": "option1"}', '160.163.123.51', 'Mozilla/5.0 (Macintosh; Intel Mac OS X 10_15_7) Safari/14.1', 'https://google.com', 'pending', '2025-08-12T19:33:41.345688', '2025-08-31T19:33:41.345688');
INSERT INTO submissions (id, website_id, campaign_id, form_name, submitter_name, submitter_email, submitter_phone, subject, message, form_data, ip_address, user_agent, referrer, status, processed_at, created_at, updated_at) VALUES ('1cb60299-7fff-44e9-8523-cb2fcf3dab80', '0e2cdfce-55b0-4fa6-b140-081d2a6001d9', '5c9427ce-2aa5-4a80-9d2d-819f6f0e9dd0', 'Quote Request', 'Maria Martinez', 'submitter4@example.com', '+12069483437', 'Request', 'This is a test submission message number 4. Lorem ipsum dolor sit amet.', '{"field1": "value4", "field2": 40, "field3": "option2"}', '253.239.189.22', 'Mozilla/5.0 (X11; Linux x86_64) Firefox/89.0', 'https://facebook.com', 'processed', '2025-09-02T18:33:41.345688', '2025-08-27T19:33:41.345688', '2025-08-31T19:33:41.345688');
INSERT INTO submissions (id, website_id, campaign_id, form_name, submitter_name, submitter_email, subject, message, form_data, ip_address, user_agent, status, notes, created_at, updated_at) VALUES ('b2dfb51e-091b-47bc-b047-a8b550768c6f', '0e2cdfce-55b0-4fa6-b140-081d2a6001d9', '2aea61f7-7a2f-4125-9d10-ffaf7c93e1a4', 'Quote Request', 'Emma Davis', 'submitter5@example.com', 'Question', 'This is a test submission message number 5. Lorem ipsum dolor sit amet.', '{"field1": "value5", "field2": 52, "field3": "option1"}', '83.4.41.209', 'Mozilla/5.0 (Macintosh; Intel Mac OS X 10_15_7) Safari/14.1', 'pending', 'Auto-generated test submission', '2025-08-14T19:33:41.345688', '2025-09-03T19:33:41.345688');
INSERT INTO submissions (id, website_id, campaign_id, form_name, submitter_name, submitter_email, submitter_phone, subject, message, form_data, ip_address, user_agent, status, processed_at, created_at, updated_at) VALUES ('65b9aac6-a8b6-49c5-991e-79bfafa94ff0', '0e2cdfce-55b0-4fa6-b140-081d2a6001d9', '2aea61f7-7a2f-4125-9d10-ffaf7c93e1a4', 'Quote Request', 'David Johnson', 'submitter6@example.com', '+18229191997', 'Question', 'This is a test submission message number 6. Lorem ipsum dolor sit amet.', '{"field1": "value6", "field2": 15, "field3": "option3"}', '208.132.180.182', 'Mozilla/5.0 (X11; Linux x86_64) Firefox/89.0', 'failed', '2025-09-02T08:33:41.345688', '2025-08-20T19:33:41.345688', '2025-08-30T19:33:41.345688');
INSERT INTO submissions (id, website_id, campaign_id, form_name, submitter_name, submitter_email, subject, message, form_data, ip_address, user_agent, referrer, status, created_at, updated_at) VALUES ('92470a4f-8c98-4d30-bf23-cf10ade6ef0b', '0e2cdfce-55b0-4fa6-b140-081d2a6001d9', 'c96c1067-1bc5-42f3-88c6-04b0c4597c99', 'Quote Request', 'John Johnson', 'submitter7@example.com', 'Question', 'This is a test submission message number 7. Lorem ipsum dolor sit amet.', '{"field1": "value7", "field2": 100, "field3": "option1"}', '240.126.227.204', 'Mozilla/5.0 (Macintosh; Intel Mac OS X 10_15_7) Safari/14.1', 'https://facebook.com', 'pending', '2025-08-14T19:33:41.345688', '2025-09-02T19:33:41.345688');
INSERT INTO submissions (id, website_id, campaign_id, form_name, submitter_name, submitter_email, submitter_phone, subject, message, form_data, ip_address, user_agent, status, processed_at, created_at, updated_at) VALUES ('d0d524b0-ecf1-4c15-960a-800ed25ea534', '0e2cdfce-55b0-4fa6-b140-081d2a6001d9', '5c9427ce-2aa5-4a80-9d2d-819f6f0e9dd0', 'Quote Request', 'Sarah Davis', 'submitter8@example.com', '+13288139531', 'Feedback', 'This is a test submission message number 8. Lorem ipsum dolor sit amet.', '{"field1": "value8", "field2": 39, "field3": "option1"}', '81.205.53.190', 'Mozilla/5.0 (Macintosh; Intel Mac OS X 10_15_7) Safari/14.1', 'spam', '2025-09-02T14:33:41.345688', '2025-08-31T19:33:41.345688', '2025-08-28T19:33:41.345688');
INSERT INTO submissions (id, website_id, campaign_id, form_name, submitter_name, submitter_email, subject, message, form_data, ip_address, user_agent, status, created_at, updated_at) VALUES ('2c0c395d-4f2d-4bb3-bd89-8d0b776092c2', '0e2cdfce-55b0-4fa6-b140-081d2a6001d9', '69328a97-2aef-44a0-94e8-0361b827c3da', 'Quote Request', 'Michael Martinez', 'submitter9@example.com', 'Question', 'This is a test submission message number 9. Lorem ipsum dolor sit amet.', '{"field1": "value9", "field2": 39, "field3": "option3"}', '79.243.185.20', 'Mozilla/5.0 (Macintosh; Intel Mac OS X 10_15_7) Safari/14.1', 'pending', '2025-08-27T19:33:41.345688', '2025-08-29T19:33:41.345688');
INSERT INTO submissions (id, website_id, campaign_id, form_name, submitter_name, submitter_email, submitter_phone, subject, message, form_data, ip_address, user_agent, referrer, status, processed_at, notes, created_at, updated_at) VALUES ('7acf4a9d-0034-498e-b62f-52fb91e99780', '0e2cdfce-55b0-4fa6-b140-081d2a6001d9', 'fdaec537-eb46-4823-8d61-b514ef103749', 'Newsletter Signup', 'Maria Smith', 'submitter10@example.com', '+13652052775', 'Request', 'This is a test submission message number 10. Lorem ipsum dolor sit amet.', '{"field1": "value10", "field2": 10, "field3": "option2"}', '58.52.141.90', 'Mozilla/5.0 (Windows NT 10.0; Win64; x64) Chrome/91.0', 'https://google.com', 'spam', '2025-09-03T13:33:41.345688', 'Auto-generated test submission', '2025-08-10T19:33:41.345688', '2025-08-27T19:33:41.345688');
INSERT INTO submissions (id, website_id, campaign_id, form_name, submitter_name, submitter_email, subject, message, form_data, ip_address, user_agent, referrer, status, created_at, updated_at) VALUES ('b47f0f13-b58d-42e9-a90d-b2fa1204c63f', '0e2cdfce-55b0-4fa6-b140-081d2a6001d9', '5c9427ce-2aa5-4a80-9d2d-819f6f0e9dd0', 'Contact Form', 'Lisa Garcia', 'submitter11@example.com', 'Question', 'This is a test submission message number 11. Lorem ipsum dolor sit amet.', '{"field1": "value11", "field2": 45, "field3": "option3"}', '166.255.20.176', 'Mozilla/5.0 (Windows NT 10.0; Win64; x64) Chrome/91.0', 'https://facebook.com', 'spam', '2025-08-26T19:33:41.345688', '2025-08-27T19:33:41.345688');
INSERT INTO submissions (id, website_id, campaign_id, form_name, submitter_name, submitter_email, submitter_phone, subject, message, form_data, ip_address, user_agent, status, processed_at, created_at, updated_at) VALUES ('8f97ea77-7822-4240-b4e4-835c5dacd465', '0e2cdfce-55b0-4fa6-b140-081d2a6001d9', '5c9427ce-2aa5-4a80-9d2d-819f6f0e9dd0', 'Contact Form', 'Michael Williams', 'submitter12@example.com', '+18106508522', 'Inquiry', 'This is a test submission message number 12. Lorem ipsum dolor sit amet.', '{"field1": "value12", "field2": 64, "field3": "option3"}', '63.238.22.236', 'Mozilla/5.0 (Windows NT 10.0; Win64; x64) Chrome/91.0', 'pending', '2025-09-02T21:33:41.345688', '2025-08-19T19:33:41.345688', '2025-08-27T19:33:41.345688');
INSERT INTO submissions (id, website_id, campaign_id, form_name, submitter_name, submitter_email, subject, message, form_data, ip_address, user_agent, referrer, status, created_at, updated_at) VALUES ('1b4e0516-0556-4262-8560-aa1906926c55', '0e2cdfce-55b0-4fa6-b140-081d2a6001d9', '5e21f95c-ab0b-47ed-bbc4-f71b7fb5cb67', 'Support Ticket', 'James Davis', 'submitter13@example.com', 'Request', 'This is a test submission message number 13. Lorem ipsum dolor sit amet.', '{"field1": "value13", "field2": 80, "field3": "option1"}', '235.243.15.209', 'Mozilla/5.0 (Windows NT 10.0; Win64; x64) Chrome/91.0', 'https://facebook.com', 'failed', '2025-08-05T19:33:41.345688', '2025-08-27T19:33:41.345688');
INSERT INTO submissions (id, website_id, campaign_id, form_name, submitter_name, submitter_email, submitter_phone, subject, message, form_data, ip_address, user_agent, referrer, status, processed_at, created_at, updated_at) VALUES ('8d2c6230-3b13-48d8-bd3c-a79a60ddf11b', '0e2cdfce-55b0-4fa6-b140-081d2a6001d9', '7e526b78-5401-478d-9df1-5f564254099e', 'Quote Request', 'Robert Johnson', 'submitter14@example.com', '+13534128573', 'Request', 'This is a test submission message number 14. Lorem ipsum dolor sit amet.', '{"field1": "value14", "field2": 67, "field3": "option3"}', '226.64.38.26', 'Mozilla/5.0 (Macintosh; Intel Mac OS X 10_15_7) Safari/14.1', 'direct', 'failed', '2025-09-02T03:33:41.345688', '2025-08-22T19:33:41.345688', '2025-08-29T19:33:41.345688');
INSERT INTO submissions (id, website_id, campaign_id, form_name, submitter_name, submitter_email, subject, message, form_data, ip_address, user_agent, referrer, status, notes, created_at, updated_at) VALUES ('a9664562-d6cb-4589-9eca-268b51882d32', '0e2cdfce-55b0-4fa6-b140-081d2a6001d9', '69328a97-2aef-44a0-94e8-0361b827c3da', 'Newsletter Signup', 'Sarah Miller', 'submitter15@example.com', 'Feedback', 'This is a test submission message number 15. Lorem ipsum dolor sit amet.', '{"field1": "value15", "field2": 59, "field3": "option3"}', '107.107.42.44', 'Mozilla/5.0 (Macintosh; Intel Mac OS X 10_15_7) Safari/14.1', 'https://google.com', 'spam', 'Auto-generated test submission', '2025-08-10T19:33:41.345688', '2025-09-02T19:33:41.345688');
INSERT INTO submissions (id, website_id, campaign_id, form_name, submitter_name, submitter_email, submitter_phone, subject, message, form_data, ip_address, user_agent, referrer, status, processed_at, created_at, updated_at) VALUES ('d369d9dc-9c6d-4833-96c1-16560bd321b3', '0e2cdfce-55b0-4fa6-b140-081d2a6001d9', 'fdaec537-eb46-4823-8d61-b514ef103749', 'Support Ticket', 'James Davis', 'submitter16@example.com', '+16705466918', 'Request', 'This is a test submission message number 16. Lorem ipsum dolor sit amet.', '{"field1": "value16", "field2": 50, "field3": "option1"}', '238.73.137.55', 'Mozilla/5.0 (Windows NT 10.0; Win64; x64) Chrome/91.0', 'https://google.com', 'processed', '2025-09-02T09:33:41.345688', '2025-08-16T19:33:41.345688', '2025-08-30T19:33:41.345688');
INSERT INTO submissions (id, website_id, campaign_id, form_name, submitter_name, submitter_email, subject, message, form_data, ip_address, user_agent, referrer, status, created_at, updated_at) VALUES ('6983cb99-c7e6-4a74-ad99-10449a6b8383', '0e2cdfce-55b0-4fa6-b140-081d2a6001d9', 'c96c1067-1bc5-42f3-88c6-04b0c4597c99', 'Newsletter Signup', 'John Johnson', 'submitter17@example.com', 'Feedback', 'This is a test submission message number 17. Lorem ipsum dolor sit amet.', '{"field1": "value17", "field2": 75, "field3": "option3"}', '225.20.245.115', 'Mozilla/5.0 (Windows NT 10.0; Win64; x64) Chrome/91.0', 'https://facebook.com', 'processed', '2025-08-10T19:33:41.345688', '2025-08-28T19:33:41.345688');
INSERT INTO submissions (id, website_id, campaign_id, form_name, submitter_name, submitter_email, submitter_phone, subject, message, form_data, ip_address, user_agent, referrer, status, processed_at, created_at, updated_at) VALUES ('66429feb-783a-447d-bed8-de85a6eab1ae', '0e2cdfce-55b0-4fa6-b140-081d2a6001d9', 'fdaec537-eb46-4823-8d61-b514ef103749', 'Newsletter Signup', 'Robert Martinez', 'submitter18@example.com', '+17186526010', 'Question', 'This is a test submission message number 18. Lorem ipsum dolor sit amet.', '{"field1": "value18", "field2": 2, "field3": "option1"}', '209.44.21.249', 'Mozilla/5.0 (Windows NT 10.0; Win64; x64) Chrome/91.0', 'direct', 'pending', '2025-09-02T09:33:41.345688', '2025-09-01T19:33:41.345688', '2025-08-27T19:33:41.345688');
INSERT INTO submissions (id, website_id, campaign_id, form_name, submitter_name, submitter_email, subject, message, form_data, ip_address, user_agent, referrer, status, created_at, updated_at) VALUES ('b9651073-8e18-4a36-97bb-7e7b0a5d897a', '0e2cdfce-55b0-4fa6-b140-081d2a6001d9', '2aea61f7-7a2f-4125-9d10-ffaf7c93e1a4', 'Quote Request', 'Robert Rodriguez', 'submitter19@example.com', 'Feedback', 'This is a test submission message number 19. Lorem ipsum dolor sit amet.', '{"field1": "value19", "field2": 59, "field3": "option2"}', '68.94.89.78', 'Mozilla/5.0 (X11; Linux x86_64) Firefox/89.0', 'direct', 'spam', '2025-08-12T19:33:41.345688', '2025-08-29T19:33:41.345688');
INSERT INTO submissions (id, website_id, campaign_id, form_name, submitter_name, submitter_email, submitter_phone, subject, message, form_data, ip_address, user_agent, referrer, status, processed_at, notes, created_at, updated_at) VALUES ('1d69a959-7b33-48a2-a576-aa00b1ab876e', '6e9a95cc-46bb-490c-b86e-a88785366825', '2aea61f7-7a2f-4125-9d10-ffaf7c93e1a4', 'Newsletter Signup', 'Robert Rodriguez', 'submitter0@example.com', '+18995463625', 'Request', 'This is a test submission message number 0. Lorem ipsum dolor sit amet.', '{"field1": "value0", "field2": 93, "field3": "option2"}', '45.78.97.247', 'Mozilla/5.0 (Windows NT 10.0; Win64; x64) Chrome/91.0', 'https://facebook.com', 'spam', '2025-09-02T19:33:41.345688', 'Auto-generated test submission', '2025-09-02T19:33:41.345688', '2025-08-29T19:33:41.345688');
INSERT INTO submissions (id, website_id, campaign_id, form_name, submitter_name, submitter_email, subject, message, form_data, ip_address, user_agent, referrer, status, created_at, updated_at) VALUES ('fabfce73-5ec2-4ed6-9f05-ff7cdb08ec64', '6e9a95cc-46bb-490c-b86e-a88785366825', 'b01a38cb-c73a-4ba4-a83b-f54e62846a24', 'Quote Request', 'Robert Brown', 'submitter1@example.com', 'Question', 'This is a test submission message number 1. Lorem ipsum dolor sit amet.', '{"field1": "value1", "field2": 1, "field3": "option1"}', '122.120.202.90', 'Mozilla/5.0 (X11; Linux x86_64) Firefox/89.0', 'direct', 'processed', '2025-08-10T19:33:41.345688', '2025-09-01T19:33:41.345688');
INSERT INTO submissions (id, website_id, campaign_id, form_name, submitter_name, submitter_email, submitter_phone, subject, message, form_data, ip_address, user_agent, referrer, status, processed_at, created_at, updated_at) VALUES ('6e83e8ac-41ce-42f2-b0b6-64e320a9f52e', '6e9a95cc-46bb-490c-b86e-a88785366825', 'b01a38cb-c73a-4ba4-a83b-f54e62846a24', 'Quote Request', 'Maria Rodriguez', 'submitter2@example.com', '+12513688284', 'Information', 'This is a test submission message number 2. Lorem ipsum dolor sit amet.', '{"field1": "value2", "field2": 48, "field3": "option2"}', '11.38.114.145', 'Mozilla/5.0 (Windows NT 10.0; Win64; x64) Chrome/91.0', 'https://facebook.com', 'failed', '2025-09-02T16:33:41.345688', '2025-08-06T19:33:41.345688', '2025-08-31T19:33:41.345688');
INSERT INTO submissions (id, website_id, campaign_id, form_name, submitter_name, submitter_email, subject, message, form_data, ip_address, user_agent, referrer, status, created_at, updated_at) VALUES ('02266e88-8519-4d4f-94d1-8ba28c3e9ec3', '6e9a95cc-46bb-490c-b86e-a88785366825', 'b01a38cb-c73a-4ba4-a83b-f54e62846a24', 'Quote Request', 'Jane Martinez', 'submitter3@example.com', 'Request', 'This is a test submission message number 3. Lorem ipsum dolor sit amet.', '{"field1": "value3", "field2": 33, "field3": "option1"}', '2.38.134.87', 'Mozilla/5.0 (X11; Linux x86_64) Firefox/89.0', 'https://google.com', 'pending', '2025-09-01T19:33:41.345688', '2025-09-01T19:33:41.345688');
INSERT INTO submissions (id, website_id, campaign_id, form_name, submitter_name, submitter_email, submitter_phone, subject, message, form_data, ip_address, user_agent, referrer, status, processed_at, created_at, updated_at) VALUES ('f9dbf4fb-a434-499c-a76a-b63bec49857f', '6e9a95cc-46bb-490c-b86e-a88785366825', '5c9427ce-2aa5-4a80-9d2d-819f6f0e9dd0', 'Contact Form', 'Emma Garcia', 'submitter4@example.com', '+12842828100', 'Feedback', 'This is a test submission message number 4. Lorem ipsum dolor sit amet.', '{"field1": "value4", "field2": 68, "field3": "option1"}', '37.250.167.15', 'Mozilla/5.0 (X11; Linux x86_64) Firefox/89.0', 'https://google.com', 'failed', '2025-09-02T00:33:41.345688', '2025-08-06T19:33:41.345688', '2025-09-02T19:33:41.345688');
INSERT INTO submissions (id, website_id, campaign_id, form_name, submitter_name, submitter_email, subject, message, form_data, ip_address, user_agent, referrer, status, notes, created_at, updated_at) VALUES ('c152e0d9-d4d0-497e-b1a6-9eed5189ecaf', '6e9a95cc-46bb-490c-b86e-a88785366825', '5e21f95c-ab0b-47ed-bbc4-f71b7fb5cb67', 'Contact Form', 'Lisa Rodriguez', 'submitter5@example.com', 'Request', 'This is a test submission message number 5. Lorem ipsum dolor sit amet.', '{"field1": "value5", "field2": 42, "field3": "option1"}', '205.227.91.51', 'Mozilla/5.0 (X11; Linux x86_64) Firefox/89.0', 'direct', 'processed', 'Auto-generated test submission', '2025-08-04T19:33:41.345688', '2025-08-30T19:33:41.345688');
INSERT INTO submissions (id, website_id, campaign_id, form_name, submitter_name, submitter_email, submitter_phone, subject, message, form_data, ip_address, user_agent, referrer, status, processed_at, created_at, updated_at) VALUES ('8ce3c817-a909-4097-ab23-15aa514c640b', '6e9a95cc-46bb-490c-b86e-a88785366825', 'c96c1067-1bc5-42f3-88c6-04b0c4597c99', 'Contact Form', 'Lisa Garcia', 'submitter6@example.com', '+14194109729', 'Information', 'This is a test submission message number 6. Lorem ipsum dolor sit amet.', '{"field1": "value6", "field2": 54, "field3": "option2"}', '143.154.163.12', 'Mozilla/5.0 (X11; Linux x86_64) Firefox/89.0', 'https://facebook.com', 'pending', '2025-09-03T16:33:41.345688', '2025-08-22T19:33:41.345688', '2025-08-31T19:33:41.345688');
INSERT INTO submissions (id, website_id, campaign_id, form_name, submitter_name, submitter_email, subject, message, form_data, ip_address, user_agent, referrer, status, created_at, updated_at) VALUES ('31625ba8-0875-462e-a42b-8209851012eb', '6e9a95cc-46bb-490c-b86e-a88785366825', '7e526b78-5401-478d-9df1-5f564254099e', 'Support Ticket', 'James Williams', 'submitter7@example.com', 'Information', 'This is a test submission message number 7. Lorem ipsum dolor sit amet.', '{"field1": "value7", "field2": 56, "field3": "option2"}', '84.65.163.108', 'Mozilla/5.0 (Macintosh; Intel Mac OS X 10_15_7) Safari/14.1', 'https://facebook.com', 'spam', '2025-08-12T19:33:41.345688', '2025-08-31T19:33:41.345688');
INSERT INTO submissions (id, website_id, campaign_id, form_name, submitter_name, submitter_email, submitter_phone, subject, message, form_data, ip_address, user_agent, referrer, status, processed_at, created_at, updated_at) VALUES ('dd861cf0-a6d3-4be7-a24a-998148a86b1f', '6e9a95cc-46bb-490c-b86e-a88785366825', '66d46a6c-0e76-45d8-b734-47daad987c8a', 'Contact Form', 'Michael Davis', 'submitter8@example.com', '+12893764249', 'Inquiry', 'This is a test submission message number 8. Lorem ipsum dolor sit amet.', '{"field1": "value8", "field2": 11, "field3": "option3"}', '129.105.26.251', 'Mozilla/5.0 (Macintosh; Intel Mac OS X 10_15_7) Safari/14.1', 'direct', 'spam', '2025-09-02T15:33:41.345688', '2025-08-23T19:33:41.345688', '2025-09-03T19:33:41.345688');
INSERT INTO submissions (id, website_id, campaign_id, form_name, submitter_name, submitter_email, submitter_phone, subject, message, form_data, ip_address, user_agent, referrer, status, processed_at, notes, created_at, updated_at) VALUES ('127a802a-f3b7-4f96-8914-bf57945c3e9c', '855fc907-cc49-4b15-b2aa-3e76e75c7e91', '66d46a6c-0e76-45d8-b734-47daad987c8a', 'Quote Request', 'Robert Rodriguez', 'submitter0@example.com', '+13954412484', 'Request', 'This is a test submission message number 0. Lorem ipsum dolor sit amet.', '{"field1": "value0", "field2": 35, "field3": "option1"}', '176.108.144.171', 'Mozilla/5.0 (Windows NT 10.0; Win64; x64) Chrome/91.0', 'direct', 'pending', '2025-09-02T07:33:41.345688', 'Auto-generated test submission', '2025-08-08T19:33:41.345688', '2025-09-03T19:33:41.345688');
INSERT INTO submissions (id, website_id, campaign_id, form_name, submitter_name, submitter_email, subject, message, form_data, ip_address, user_agent, referrer, status, created_at, updated_at) VALUES ('8a977a1a-537a-40ab-9008-caebd1ad22bb', '855fc907-cc49-4b15-b2aa-3e76e75c7e91', 'c96c1067-1bc5-42f3-88c6-04b0c4597c99', 'Support Ticket', 'Jane Smith', 'submitter1@example.com', 'Feedback', 'This is a test submission message number 1. Lorem ipsum dolor sit amet.', '{"field1": "value1", "field2": 97, "field3": "option3"}', '65.185.40.40', 'Mozilla/5.0 (Macintosh; Intel Mac OS X 10_15_7) Safari/14.1', 'https://google.com', 'spam', '2025-09-02T19:33:41.345688', '2025-09-02T19:33:41.345688');
INSERT INTO submissions (id, website_id, campaign_id, form_name, submitter_name, submitter_email, submitter_phone, subject, message, form_data, ip_address, user_agent, referrer, status, processed_at, created_at, updated_at) VALUES ('3f7cc5d4-5763-44b7-9f8e-a077b5ada9c4', '855fc907-cc49-4b15-b2aa-3e76e75c7e91', '66d46a6c-0e76-45d8-b734-47daad987c8a', 'Quote Request', 'David Rodriguez', 'submitter2@example.com', '+16627071294', 'Feedback', 'This is a test submission message number 2. Lorem ipsum dolor sit amet.', '{"field1": "value2", "field2": 94, "field3": "option1"}', '204.233.68.1', 'Mozilla/5.0 (X11; Linux x86_64) Firefox/89.0', 'https://facebook.com', 'processed', '2025-09-01T22:33:41.345688', '2025-08-16T19:33:41.345688', '2025-08-30T19:33:41.345688');
INSERT INTO submissions (id, website_id, campaign_id, form_name, submitter_name, submitter_email, subject, message, form_data, ip_address, user_agent, status, created_at, updated_at) VALUES ('579c6fb2-1dc4-4f48-ac7a-873f441b0538', '855fc907-cc49-4b15-b2aa-3e76e75c7e91', 'fdaec537-eb46-4823-8d61-b514ef103749', 'Quote Request', 'James Rodriguez', 'submitter3@example.com', 'Request', 'This is a test submission message number 3. Lorem ipsum dolor sit amet.', '{"field1": "value3", "field2": 79, "field3": "option1"}', '153.203.187.246', 'Mozilla/5.0 (Windows NT 10.0; Win64; x64) Chrome/91.0', 'processed', '2025-08-29T19:33:41.345688', '2025-08-30T19:33:41.345688');
INSERT INTO submissions (id, website_id, campaign_id, form_name, submitter_name, submitter_email, submitter_phone, subject, message, form_data, ip_address, user_agent, referrer, status, processed_at, created_at, updated_at) VALUES ('859dd064-fd7c-4856-9941-653658596112', '855fc907-cc49-4b15-b2aa-3e76e75c7e91', 'b01a38cb-c73a-4ba4-a83b-f54e62846a24', 'Contact Form', 'Robert Martinez', 'submitter4@example.com', '+17536496807', 'Feedback', 'This is a test submission message number 4. Lorem ipsum dolor sit amet.', '{"field1": "value4", "field2": 58, "field3": "option3"}', '105.166.46.255', 'Mozilla/5.0 (X11; Linux x86_64) Firefox/89.0', 'direct', 'pending', '2025-09-03T11:33:41.345688', '2025-08-26T19:33:41.345688', '2025-09-01T19:33:41.345688');
INSERT INTO submissions (id, website_id, campaign_id, form_name, submitter_name, submitter_email, subject, message, form_data, ip_address, user_agent, referrer, status, notes, created_at, updated_at) VALUES ('7fbb3c18-1e2c-4352-a47e-0d0808085407', '855fc907-cc49-4b15-b2aa-3e76e75c7e91', '2aea61f7-7a2f-4125-9d10-ffaf7c93e1a4', 'Contact Form', 'Jane Brown', 'submitter5@example.com', 'Feedback', 'This is a test submission message number 5. Lorem ipsum dolor sit amet.', '{"field1": "value5", "field2": 92, "field3": "option1"}', '170.156.41.152', 'Mozilla/5.0 (Macintosh; Intel Mac OS X 10_15_7) Safari/14.1', 'https://facebook.com', 'pending', 'Auto-generated test submission', '2025-08-25T19:33:41.345688', '2025-08-29T19:33:41.345688');
INSERT INTO submissions (id, website_id, campaign_id, form_name, submitter_name, submitter_email, submitter_phone, subject, message, form_data, ip_address, user_agent, status, processed_at, created_at, updated_at) VALUES ('4d0186d4-9b58-4478-8a99-e9e8a070f613', '855fc907-cc49-4b15-b2aa-3e76e75c7e91', '69328a97-2aef-44a0-94e8-0361b827c3da', 'Contact Form', 'Michael Martinez', 'submitter6@example.com', '+14875611973', 'Inquiry', 'This is a test submission message number 6. Lorem ipsum dolor sit amet.', '{"field1": "value6", "field2": 98, "field3": "option1"}', '196.31.161.175', 'Mozilla/5.0 (Windows NT 10.0; Win64; x64) Chrome/91.0', 'pending', '2025-09-02T15:33:41.345688', '2025-08-15T19:33:41.345688', '2025-08-28T19:33:41.345688');
INSERT INTO submissions (id, website_id, campaign_id, form_name, submitter_name, submitter_email, submitter_phone, subject, message, form_data, ip_address, user_agent, referrer, status, processed_at, notes, created_at, updated_at) VALUES ('f42f8684-57dc-4155-bed4-46e439581c75', '6c315542-7d26-437d-bcd5-e38d8cbdf8f3', '5e21f95c-ab0b-47ed-bbc4-f71b7fb5cb67', 'Quote Request', 'Jane Garcia', 'submitter0@example.com', '+19032986964', 'Feedback', 'This is a test submission message number 0. Lorem ipsum dolor sit amet.', '{"field1": "value0", "field2": 4, "field3": "option2"}', '133.35.8.192', 'Mozilla/5.0 (Macintosh; Intel Mac OS X 10_15_7) Safari/14.1', 'https://facebook.com', 'processed', '2025-09-02T02:33:41.345688', 'Auto-generated test submission', '2025-08-08T19:33:41.345688', '2025-08-28T19:33:41.345688');
INSERT INTO submissions (id, website_id, campaign_id, form_name, submitter_name, submitter_email, subject, message, form_data, ip_address, user_agent, referrer, status, created_at, updated_at) VALUES ('0d1f221b-039d-489b-8ff5-94c3f0b0ef39', '6c315542-7d26-437d-bcd5-e38d8cbdf8f3', '69328a97-2aef-44a0-94e8-0361b827c3da', 'Support Ticket', 'Michael Johnson', 'submitter1@example.com', 'Inquiry', 'This is a test submission message number 1. Lorem ipsum dolor sit amet.', '{"field1": "value1", "field2": 95, "field3": "option3"}', '134.146.9.176', 'Mozilla/5.0 (Macintosh; Intel Mac OS X 10_15_7) Safari/14.1', 'https://facebook.com', 'processed', '2025-08-11T19:33:41.345688', '2025-09-03T19:33:41.345688');
INSERT INTO submissions (id, website_id, campaign_id, form_name, submitter_name, submitter_email, submitter_phone, subject, message, form_data, ip_address, user_agent, referrer, status, processed_at, created_at, updated_at) VALUES ('6a9bb15a-746d-43cc-91e3-e52ec22daf56', '6c315542-7d26-437d-bcd5-e38d8cbdf8f3', 'b01a38cb-c73a-4ba4-a83b-f54e62846a24', 'Quote Request', 'Michael Miller', 'submitter2@example.com', '+18635248617', 'Feedback', 'This is a test submission message number 2. Lorem ipsum dolor sit amet.', '{"field1": "value2", "field2": 9, "field3": "option3"}', '145.186.195.119', 'Mozilla/5.0 (Windows NT 10.0; Win64; x64) Chrome/91.0', 'https://facebook.com', 'processed', '2025-09-02T13:33:41.345688', '2025-09-02T19:33:41.345688', '2025-09-03T19:33:41.345688');
INSERT INTO submissions (id, website_id, campaign_id, form_name, submitter_name, submitter_email, subject, message, form_data, ip_address, user_agent, referrer, status, created_at, updated_at) VALUES ('395b9aab-a5fa-4195-9df5-9fcb0968ba29', '6c315542-7d26-437d-bcd5-e38d8cbdf8f3', '66d46a6c-0e76-45d8-b734-47daad987c8a', 'Contact Form', 'Lisa Williams', 'submitter3@example.com', 'Request', 'This is a test submission message number 3. Lorem ipsum dolor sit amet.', '{"field1": "value3", "field2": 43, "field3": "option2"}', '50.253.107.96', 'Mozilla/5.0 (Macintosh; Intel Mac OS X 10_15_7) Safari/14.1', 'https://google.com', 'spam', '2025-08-18T19:33:41.345688', '2025-08-29T19:33:41.345688');
INSERT INTO submissions (id, website_id, campaign_id, form_name, submitter_name, submitter_email, submitter_phone, subject, message, form_data, ip_address, user_agent, referrer, status, processed_at, created_at, updated_at) VALUES ('0ce61449-826b-43df-9ce2-fa3eaa9fc3df', '6c315542-7d26-437d-bcd5-e38d8cbdf8f3', '2aea61f7-7a2f-4125-9d10-ffaf7c93e1a4', 'Newsletter Signup', 'Jane Martinez', 'submitter4@example.com', '+14477269269', 'Question', 'This is a test submission message number 4. Lorem ipsum dolor sit amet.', '{"field1": "value4", "field2": 53, "field3": "option3"}', '98.105.9.54', 'Mozilla/5.0 (Windows NT 10.0; Win64; x64) Chrome/91.0', 'https://facebook.com', 'spam', '2025-09-02T14:33:41.345688', '2025-08-05T19:33:41.345688', '2025-09-01T19:33:41.345688');
INSERT INTO submissions (id, website_id, campaign_id, form_name, submitter_name, submitter_email, subject, message, form_data, ip_address, user_agent, referrer, status, notes, created_at, updated_at) VALUES ('2d91b07c-ef50-4723-9050-5eee6cd38a84', '6c315542-7d26-437d-bcd5-e38d8cbdf8f3', 'fdaec537-eb46-4823-8d61-b514ef103749', 'Contact Form', 'Michael Miller', 'submitter5@example.com', 'Feedback', 'This is a test submission message number 5. Lorem ipsum dolor sit amet.', '{"field1": "value5", "field2": 86, "field3": "option1"}', '10.77.3.130', 'Mozilla/5.0 (X11; Linux x86_64) Firefox/89.0', 'direct', 'pending', 'Auto-generated test submission', '2025-08-26T19:33:41.345688', '2025-09-01T19:33:41.345688');
INSERT INTO submissions (id, website_id, campaign_id, form_name, submitter_name, submitter_email, submitter_phone, subject, message, form_data, ip_address, user_agent, status, processed_at, created_at, updated_at) VALUES ('0d194046-7f5a-41e4-a61c-5cd625c1d01e', '6c315542-7d26-437d-bcd5-e38d8cbdf8f3', '7e526b78-5401-478d-9df1-5f564254099e', 'Support Ticket', 'David Garcia', 'submitter6@example.com', '+12233395361', 'Information', 'This is a test submission message number 6. Lorem ipsum dolor sit amet.', '{"field1": "value6", "field2": 94, "field3": "option3"}', '231.238.228.196', 'Mozilla/5.0 (X11; Linux x86_64) Firefox/89.0', 'spam', '2025-09-02T11:33:41.345688', '2025-08-15T19:33:41.345688', '2025-08-27T19:33:41.345688');
INSERT INTO submissions (id, website_id, campaign_id, form_name, submitter_name, submitter_email, subject, message, form_data, ip_address, user_agent, referrer, status, created_at, updated_at) VALUES ('dfa8aa0f-3904-4573-81ca-2597d2e82a8d', '6c315542-7d26-437d-bcd5-e38d8cbdf8f3', 'c96c1067-1bc5-42f3-88c6-04b0c4597c99', 'Newsletter Signup', 'Robert Jones', 'submitter7@example.com', 'Request', 'This is a test submission message number 7. Lorem ipsum dolor sit amet.', '{"field1": "value7", "field2": 35, "field3": "option3"}', '73.92.131.155', 'Mozilla/5.0 (Macintosh; Intel Mac OS X 10_15_7) Safari/14.1', 'direct', 'processed', '2025-08-11T19:33:41.345688', '2025-09-01T19:33:41.345688');
INSERT INTO submissions (id, website_id, campaign_id, form_name, submitter_name, submitter_email, submitter_phone, subject, message, form_data, ip_address, user_agent, referrer, status, processed_at, notes, created_at, updated_at) VALUES ('4d864765-b4d9-4dad-8015-5b1111f98770', '63b843df-3912-45ae-8fc4-ed9e288afca6', 'fdaec537-eb46-4823-8d61-b514ef103749', 'Quote Request', 'Michael Williams', 'submitter0@example.com', '+14807898929', 'Inquiry', 'This is a test submission message number 0. Lorem ipsum dolor sit amet.', '{"field1": "value0", "field2": 10, "field3": "option3"}', '160.242.83.127', 'Mozilla/5.0 (Macintosh; Intel Mac OS X 10_15_7) Safari/14.1', 'https://google.com', 'spam', '2025-09-02T09:33:41.345688', 'Auto-generated test submission', '2025-08-29T19:33:41.345688', '2025-09-03T19:33:41.345688');
INSERT INTO submissions (id, website_id, campaign_id, form_name, submitter_name, submitter_email, subject, message, form_data, ip_address, user_agent, referrer, status, created_at, updated_at) VALUES ('b809635e-56c5-4166-bfe4-3f18aba3b44c', '63b843df-3912-45ae-8fc4-ed9e288afca6', '5e21f95c-ab0b-47ed-bbc4-f71b7fb5cb67', 'Newsletter Signup', 'David Jones', 'submitter1@example.com', 'Question', 'This is a test submission message number 1. Lorem ipsum dolor sit amet.', '{"field1": "value1", "field2": 64, "field3": "option3"}', '38.124.170.144', 'Mozilla/5.0 (Macintosh; Intel Mac OS X 10_15_7) Safari/14.1', 'direct', 'pending', '2025-08-09T19:33:41.346221', '2025-09-02T19:33:41.346221');
INSERT INTO submissions (id, website_id, campaign_id, form_name, submitter_name, submitter_email, submitter_phone, subject, message, form_data, ip_address, user_agent, referrer, status, processed_at, created_at, updated_at) VALUES ('3c23b60b-3770-4d9f-879d-79b37c877f1d', '63b843df-3912-45ae-8fc4-ed9e288afca6', '5c9427ce-2aa5-4a80-9d2d-819f6f0e9dd0', 'Quote Request', 'David Johnson', 'submitter2@example.com', '+15295482619', 'Request', 'This is a test submission message number 2. Lorem ipsum dolor sit amet.', '{"field1": "value2", "field2": 100, "field3": "option2"}', '25.83.217.244', 'Mozilla/5.0 (Macintosh; Intel Mac OS X 10_15_7) Safari/14.1', 'direct', 'failed', '2025-09-03T10:33:41.346221', '2025-08-26T19:33:41.346221', '2025-08-30T19:33:41.346221');
INSERT INTO submissions (id, website_id, campaign_id, form_name, submitter_name, submitter_email, subject, message, form_data, ip_address, user_agent, referrer, status, created_at, updated_at) VALUES ('2d51650b-ec96-4f8d-a292-059c7588e105', '63b843df-3912-45ae-8fc4-ed9e288afca6', 'c96c1067-1bc5-42f3-88c6-04b0c4597c99', 'Newsletter Signup', 'James Williams', 'submitter3@example.com', 'Request', 'This is a test submission message number 3. Lorem ipsum dolor sit amet.', '{"field1": "value3", "field2": 36, "field3": "option3"}', '107.191.106.128', 'Mozilla/5.0 (X11; Linux x86_64) Firefox/89.0', 'https://google.com', 'pending', '2025-08-18T19:33:41.346221', '2025-08-28T19:33:41.346221');
INSERT INTO submissions (id, website_id, campaign_id, form_name, submitter_name, submitter_email, submitter_phone, subject, message, form_data, ip_address, user_agent, status, processed_at, created_at, updated_at) VALUES ('09cd4208-cf83-47ee-8070-cee1d2c75ff7', '63b843df-3912-45ae-8fc4-ed9e288afca6', '7e526b78-5401-478d-9df1-5f564254099e', 'Newsletter Signup', 'Michael Garcia', 'submitter4@example.com', '+19337634406', 'Request', 'This is a test submission message number 4. Lorem ipsum dolor sit amet.', '{"field1": "value4", "field2": 85, "field3": "option1"}', '5.130.255.206', 'Mozilla/5.0 (X11; Linux x86_64) Firefox/89.0', 'failed', '2025-09-02T20:33:41.346221', '2025-08-07T19:33:41.346221', '2025-08-27T19:33:41.346221');
INSERT INTO submissions (id, website_id, campaign_id, form_name, submitter_name, submitter_email, subject, message, form_data, ip_address, user_agent, status, notes, created_at, updated_at) VALUES ('e4fe26f9-c4f1-48b2-b3a4-b0e219744203', '63b843df-3912-45ae-8fc4-ed9e288afca6', '2aea61f7-7a2f-4125-9d10-ffaf7c93e1a4', 'Support Ticket', 'John Rodriguez', 'submitter5@example.com', 'Feedback', 'This is a test submission message number 5. Lorem ipsum dolor sit amet.', '{"field1": "value5", "field2": 60, "field3": "option1"}', '176.11.69.35', 'Mozilla/5.0 (Macintosh; Intel Mac OS X 10_15_7) Safari/14.1', 'spam', 'Auto-generated test submission', '2025-08-14T19:33:41.346221', '2025-09-01T19:33:41.346221');
INSERT INTO submissions (id, website_id, campaign_id, form_name, submitter_name, submitter_email, submitter_phone, subject, message, form_data, ip_address, user_agent, referrer, status, processed_at, created_at, updated_at) VALUES ('b6ff47a2-3b2f-42ca-8594-36a3913ec286', '63b843df-3912-45ae-8fc4-ed9e288afca6', 'b01a38cb-c73a-4ba4-a83b-f54e62846a24', 'Support Ticket', 'Emma Brown', 'submitter6@example.com', '+19712506324', 'Inquiry', 'This is a test submission message number 6. Lorem ipsum dolor sit amet.', '{"field1": "value6", "field2": 100, "field3": "option2"}', '66.183.185.6', 'Mozilla/5.0 (Macintosh; Intel Mac OS X 10_15_7) Safari/14.1', 'direct', 'spam', '2025-09-02T16:33:41.346221', '2025-08-26T19:33:41.346221', '2025-09-01T19:33:41.346221');
INSERT INTO submissions (id, website_id, campaign_id, form_name, submitter_name, submitter_email, subject, message, form_data, ip_address, user_agent, referrer, status, created_at, updated_at) VALUES ('08c95252-3582-4caf-b8a5-4e27abdcfca2', '63b843df-3912-45ae-8fc4-ed9e288afca6', 'c96c1067-1bc5-42f3-88c6-04b0c4597c99', 'Contact Form', 'Lisa Martinez', 'submitter7@example.com', 'Request', 'This is a test submission message number 7. Lorem ipsum dolor sit amet.', '{"field1": "value7", "field2": 14, "field3": "option2"}', '229.112.253.94', 'Mozilla/5.0 (X11; Linux x86_64) Firefox/89.0', 'direct', 'pending', '2025-08-24T19:33:41.346221', '2025-08-29T19:33:41.346221');
INSERT INTO submissions (id, website_id, campaign_id, form_name, submitter_name, submitter_email, submitter_phone, subject, message, form_data, ip_address, user_agent, status, processed_at, created_at, updated_at) VALUES ('060938a6-1e3e-4f02-9404-22f217e30203', '63b843df-3912-45ae-8fc4-ed9e288afca6', '2aea61f7-7a2f-4125-9d10-ffaf7c93e1a4', 'Newsletter Signup', 'John Jones', 'submitter8@example.com', '+13259335206', 'Question', 'This is a test submission message number 8. Lorem ipsum dolor sit amet.', '{"field1": "value8", "field2": 59, "field3": "option3"}', '185.211.72.145', 'Mozilla/5.0 (X11; Linux x86_64) Firefox/89.0', 'processed', '2025-09-03T02:33:41.346221', '2025-08-29T19:33:41.346221', '2025-08-29T19:33:41.346221');
INSERT INTO submissions (id, website_id, campaign_id, form_name, submitter_name, submitter_email, subject, message, form_data, ip_address, user_agent, referrer, status, created_at, updated_at) VALUES ('2c44ab09-f28c-4aac-99c1-81bd6cfca8af', '63b843df-3912-45ae-8fc4-ed9e288afca6', '66d46a6c-0e76-45d8-b734-47daad987c8a', 'Newsletter Signup', 'Jane Jones', 'submitter9@example.com', 'Question', 'This is a test submission message number 9. Lorem ipsum dolor sit amet.', '{"field1": "value9", "field2": 96, "field3": "option1"}', '138.183.50.99', 'Mozilla/5.0 (X11; Linux x86_64) Firefox/89.0', 'https://google.com', 'processed', '2025-08-22T19:33:41.346221', '2025-08-29T19:33:41.346221');
INSERT INTO submissions (id, website_id, campaign_id, form_name, submitter_name, submitter_email, submitter_phone, subject, message, form_data, ip_address, user_agent, referrer, status, processed_at, notes, created_at, updated_at) VALUES ('fb1f1bba-d013-4add-8735-6af9793acfe9', '63b843df-3912-45ae-8fc4-ed9e288afca6', '5e21f95c-ab0b-47ed-bbc4-f71b7fb5cb67', 'Support Ticket', 'Lisa Brown', 'submitter10@example.com', '+12589717256', 'Question', 'This is a test submission message number 10. Lorem ipsum dolor sit amet.', '{"field1": "value10", "field2": 56, "field3": "option1"}', '107.120.122.224', 'Mozilla/5.0 (X11; Linux x86_64) Firefox/89.0', 'https://google.com', 'failed', '2025-09-02T16:33:41.346221', 'Auto-generated test submission', '2025-08-13T19:33:41.346221', '2025-08-28T19:33:41.346221');
INSERT INTO submissions (id, website_id, campaign_id, form_name, submitter_name, submitter_email, submitter_phone, subject, message, form_data, ip_address, user_agent, referrer, status, processed_at, notes, created_at, updated_at) VALUES ('feae4bcf-b5ad-49eb-9ba5-588670540851', 'a5083256-8a07-4c58-8d28-a3df8e8cc004', '5c9427ce-2aa5-4a80-9d2d-819f6f0e9dd0', 'Newsletter Signup', 'Emma Martinez', 'submitter0@example.com', '+16489531842', 'Inquiry', 'This is a test submission message number 0. Lorem ipsum dolor sit amet.', '{"field1": "value0", "field2": 30, "field3": "option3"}', '203.166.251.46', 'Mozilla/5.0 (X11; Linux x86_64) Firefox/89.0', 'direct', 'failed', '2025-09-03T12:33:41.346221', 'Auto-generated test submission', '2025-09-01T19:33:41.346221', '2025-08-27T19:33:41.346221');
INSERT INTO submissions (id, website_id, campaign_id, form_name, submitter_name, submitter_email, subject, message, form_data, ip_address, user_agent, referrer, status, created_at, updated_at) VALUES ('67641463-d797-4e21-80bb-f66762d94d5a', 'a5083256-8a07-4c58-8d28-a3df8e8cc004', 'fdaec537-eb46-4823-8d61-b514ef103749', 'Contact Form', 'John Miller', 'submitter1@example.com', 'Question', 'This is a test submission message number 1. Lorem ipsum dolor sit amet.', '{"field1": "value1", "field2": 76, "field3": "option1"}', '198.234.83.49', 'Mozilla/5.0 (Windows NT 10.0; Win64; x64) Chrome/91.0', 'https://google.com', 'spam', '2025-08-25T19:33:41.346221', '2025-08-28T19:33:41.346221');
INSERT INTO submissions (id, website_id, campaign_id, form_name, submitter_name, submitter_email, submitter_phone, subject, message, form_data, ip_address, user_agent, referrer, status, processed_at, created_at, updated_at) VALUES ('0829ded6-3e4b-414b-ab7f-968742493fa4', 'a5083256-8a07-4c58-8d28-a3df8e8cc004', '2aea61f7-7a2f-4125-9d10-ffaf7c93e1a4', 'Newsletter Signup', 'Maria Brown', 'submitter2@example.com', '+18959163033', 'Inquiry', 'This is a test submission message number 2. Lorem ipsum dolor sit amet.', '{"field1": "value2", "field2": 51, "field3": "option1"}', '73.218.68.114', 'Mozilla/5.0 (Macintosh; Intel Mac OS X 10_15_7) Safari/14.1', 'https://facebook.com', 'spam', '2025-09-01T21:33:41.346221', '2025-08-22T19:33:41.346221', '2025-09-02T19:33:41.346221');
INSERT INTO submissions (id, website_id, campaign_id, form_name, submitter_name, submitter_email, subject, message, form_data, ip_address, user_agent, referrer, status, created_at, updated_at) VALUES ('426a3d28-f55c-4ace-87a4-c16309f46c08', 'a5083256-8a07-4c58-8d28-a3df8e8cc004', '5c9427ce-2aa5-4a80-9d2d-819f6f0e9dd0', 'Quote Request', 'Emma Miller', 'submitter3@example.com', 'Information', 'This is a test submission message number 3. Lorem ipsum dolor sit amet.', '{"field1": "value3", "field2": 70, "field3": "option3"}', '200.89.119.160', 'Mozilla/5.0 (Windows NT 10.0; Win64; x64) Chrome/91.0', 'https://google.com', 'spam', '2025-08-25T19:33:41.346221', '2025-08-27T19:33:41.346221');
INSERT INTO submissions (id, website_id, campaign_id, form_name, submitter_name, submitter_email, submitter_phone, subject, message, form_data, ip_address, user_agent, referrer, status, processed_at, created_at, updated_at) VALUES ('59e986bc-9156-4fbb-9dc3-c15372c00031', 'a5083256-8a07-4c58-8d28-a3df8e8cc004', '5c9427ce-2aa5-4a80-9d2d-819f6f0e9dd0', 'Quote Request', 'David Garcia', 'submitter4@example.com', '+18146376504', 'Information', 'This is a test submission message number 4. Lorem ipsum dolor sit amet.', '{"field1": "value4", "field2": 17, "field3": "option1"}', '137.156.34.244', 'Mozilla/5.0 (Windows NT 10.0; Win64; x64) Chrome/91.0', 'direct', 'spam', '2025-09-03T10:33:41.346221', '2025-08-20T19:33:41.346221', '2025-09-03T19:33:41.346221');
INSERT INTO submissions (id, website_id, campaign_id, form_name, submitter_name, submitter_email, subject, message, form_data, ip_address, user_agent, status, notes, created_at, updated_at) VALUES ('d02f291d-fe8a-4194-b6f2-420f1b99ee55', 'a5083256-8a07-4c58-8d28-a3df8e8cc004', '5e21f95c-ab0b-47ed-bbc4-f71b7fb5cb67', 'Support Ticket', 'Sarah Johnson', 'submitter5@example.com', 'Information', 'This is a test submission message number 5. Lorem ipsum dolor sit amet.', '{"field1": "value5", "field2": 40, "field3": "option3"}', '38.222.176.218', 'Mozilla/5.0 (X11; Linux x86_64) Firefox/89.0', 'processed', 'Auto-generated test submission', '2025-08-09T19:33:41.346221', '2025-09-01T19:33:41.346221');
INSERT INTO submissions (id, website_id, campaign_id, form_name, submitter_name, submitter_email, submitter_phone, subject, message, form_data, ip_address, user_agent, referrer, status, processed_at, created_at, updated_at) VALUES ('6728a494-8df3-4c3a-b15a-052c9f9a6b35', 'a5083256-8a07-4c58-8d28-a3df8e8cc004', '2aea61f7-7a2f-4125-9d10-ffaf7c93e1a4', 'Newsletter Signup', 'Emma Miller', 'submitter6@example.com', '+15548448231', 'Request', 'This is a test submission message number 6. Lorem ipsum dolor sit amet.', '{"field1": "value6", "field2": 39, "field3": "option3"}', '107.115.84.178', 'Mozilla/5.0 (Macintosh; Intel Mac OS X 10_15_7) Safari/14.1', 'https://google.com', 'processed', '2025-09-02T02:33:41.346221', '2025-08-23T19:33:41.346221', '2025-08-30T19:33:41.346221');
INSERT INTO submissions (id, website_id, campaign_id, form_name, submitter_name, submitter_email, subject, message, form_data, ip_address, user_agent, referrer, status, created_at, updated_at) VALUES ('14bd4d71-13e5-4ab2-a622-c22399370a9a', 'a5083256-8a07-4c58-8d28-a3df8e8cc004', '5e21f95c-ab0b-47ed-bbc4-f71b7fb5cb67', 'Support Ticket', 'Michael Garcia', 'submitter7@example.com', 'Inquiry', 'This is a test submission message number 7. Lorem ipsum dolor sit amet.', '{"field1": "value7", "field2": 26, "field3": "option2"}', '185.170.139.34', 'Mozilla/5.0 (Macintosh; Intel Mac OS X 10_15_7) Safari/14.1', 'https://google.com', 'pending', '2025-08-25T19:33:41.346221', '2025-08-29T19:33:41.346221');
INSERT INTO submissions (id, website_id, campaign_id, form_name, submitter_name, submitter_email, submitter_phone, subject, message, form_data, ip_address, user_agent, referrer, status, processed_at, notes, created_at, updated_at) VALUES ('995648bb-669a-4308-a60d-7cb5efb551da', 'd70f5250-4562-4867-b699-3f57f47ff56d', 'b01a38cb-c73a-4ba4-a83b-f54e62846a24', 'Quote Request', 'Maria Davis', 'submitter0@example.com', '+13759863536', 'Question', 'This is a test submission message number 0. Lorem ipsum dolor sit amet.', '{"field1": "value0", "field2": 23, "field3": "option2"}', '82.215.152.138', 'Mozilla/5.0 (Windows NT 10.0; Win64; x64) Chrome/91.0', 'direct', 'failed', '2025-09-02T03:33:41.346221', 'Auto-generated test submission', '2025-08-30T19:33:41.346221', '2025-08-29T19:33:41.346221');
INSERT INTO submissions (id, website_id, campaign_id, form_name, submitter_name, submitter_email, subject, message, form_data, ip_address, user_agent, referrer, status, created_at, updated_at) VALUES ('9617a6b6-4b25-426e-ab2e-e20eb9341766', 'd70f5250-4562-4867-b699-3f57f47ff56d', '66d46a6c-0e76-45d8-b734-47daad987c8a', 'Newsletter Signup', 'Maria Williams', 'submitter1@example.com', 'Inquiry', 'This is a test submission message number 1. Lorem ipsum dolor sit amet.', '{"field1": "value1", "field2": 51, "field3": "option2"}', '42.78.74.17', 'Mozilla/5.0 (Macintosh; Intel Mac OS X 10_15_7) Safari/14.1', 'direct', 'spam', '2025-08-24T19:33:41.346221', '2025-09-01T19:33:41.346221');
INSERT INTO submissions (id, website_id, campaign_id, form_name, submitter_name, submitter_email, submitter_phone, subject, message, form_data, ip_address, user_agent, referrer, status, processed_at, created_at, updated_at) VALUES ('f172bc9c-9e4b-4d6d-8140-e61b8be3353c', 'd70f5250-4562-4867-b699-3f57f47ff56d', 'c96c1067-1bc5-42f3-88c6-04b0c4597c99', 'Quote Request', 'Emma Garcia', 'submitter2@example.com', '+15554791976', 'Inquiry', 'This is a test submission message number 2. Lorem ipsum dolor sit amet.', '{"field1": "value2", "field2": 89, "field3": "option3"}', '153.214.171.80', 'Mozilla/5.0 (Windows NT 10.0; Win64; x64) Chrome/91.0', 'https://facebook.com', 'spam', '2025-09-01T20:33:41.346221', '2025-08-26T19:33:41.346221', '2025-09-03T19:33:41.346221');
INSERT INTO submissions (id, website_id, campaign_id, form_name, submitter_name, submitter_email, subject, message, form_data, ip_address, user_agent, status, created_at, updated_at) VALUES ('6ca3dbcf-2f22-4b7d-9c7d-7668b74252ce', 'd70f5250-4562-4867-b699-3f57f47ff56d', '5c9427ce-2aa5-4a80-9d2d-819f6f0e9dd0', 'Support Ticket', 'Emma Martinez', 'submitter3@example.com', 'Feedback', 'This is a test submission message number 3. Lorem ipsum dolor sit amet.', '{"field1": "value3", "field2": 1, "field3": "option1"}', '255.6.217.242', 'Mozilla/5.0 (Windows NT 10.0; Win64; x64) Chrome/91.0', 'processed', '2025-08-26T19:33:41.346221', '2025-08-28T19:33:41.346221');
INSERT INTO submissions (id, website_id, campaign_id, form_name, submitter_name, submitter_email, submitter_phone, subject, message, form_data, ip_address, user_agent, status, processed_at, created_at, updated_at) VALUES ('fea9b655-8157-41c7-843b-37843038f072', 'd70f5250-4562-4867-b699-3f57f47ff56d', 'b01a38cb-c73a-4ba4-a83b-f54e62846a24', 'Quote Request', 'Maria Davis', 'submitter4@example.com', '+15926153293', 'Request', 'This is a test submission message number 4. Lorem ipsum dolor sit amet.', '{"field1": "value4", "field2": 23, "field3": "option3"}', '213.235.241.251', 'Mozilla/5.0 (X11; Linux x86_64) Firefox/89.0', 'failed', '2025-09-01T21:33:41.346221', '2025-08-29T19:33:41.346221', '2025-09-03T19:33:41.346221');
INSERT INTO submissions (id, website_id, campaign_id, form_name, submitter_name, submitter_email, subject, message, form_data, ip_address, user_agent, referrer, status, notes, created_at, updated_at) VALUES ('cad0896e-56d0-45ff-aeea-c639d72a300d', 'd70f5250-4562-4867-b699-3f57f47ff56d', '66d46a6c-0e76-45d8-b734-47daad987c8a', 'Newsletter Signup', 'Lisa Johnson', 'submitter5@example.com', 'Feedback', 'This is a test submission message number 5. Lorem ipsum dolor sit amet.', '{"field1": "value5", "field2": 86, "field3": "option2"}', '116.29.27.90', 'Mozilla/5.0 (Macintosh; Intel Mac OS X 10_15_7) Safari/14.1', 'direct', 'processed', 'Auto-generated test submission', '2025-08-28T19:33:41.346221', '2025-08-30T19:33:41.346221');
INSERT INTO submissions (id, website_id, campaign_id, form_name, submitter_name, submitter_email, submitter_phone, subject, message, form_data, ip_address, user_agent, referrer, status, processed_at, created_at, updated_at) VALUES ('a29c4e7c-bb6c-4d2c-ab34-f008783d9e83', 'd70f5250-4562-4867-b699-3f57f47ff56d', 'fdaec537-eb46-4823-8d61-b514ef103749', 'Contact Form', 'Jane Jones', 'submitter6@example.com', '+16305187744', 'Question', 'This is a test submission message number 6. Lorem ipsum dolor sit amet.', '{"field1": "value6", "field2": 31, "field3": "option1"}', '236.148.86.255', 'Mozilla/5.0 (X11; Linux x86_64) Firefox/89.0', 'https://facebook.com', 'pending', '2025-09-01T21:33:41.346221', '2025-08-15T19:33:41.346221', '2025-08-31T19:33:41.346221');
INSERT INTO submissions (id, website_id, campaign_id, form_name, submitter_name, submitter_email, subject, message, form_data, ip_address, user_agent, status, created_at, updated_at) VALUES ('6a222109-ec3c-4476-92c5-d63f45900bdf', 'd70f5250-4562-4867-b699-3f57f47ff56d', 'b01a38cb-c73a-4ba4-a83b-f54e62846a24', 'Newsletter Signup', 'David Jones', 'submitter7@example.com', 'Inquiry', 'This is a test submission message number 7. Lorem ipsum dolor sit amet.', '{"field1": "value7", "field2": 83, "field3": "option3"}', '168.178.65.22', 'Mozilla/5.0 (X11; Linux x86_64) Firefox/89.0', 'failed', '2025-08-29T19:33:41.346221', '2025-08-31T19:33:41.346221');
INSERT INTO submissions (id, website_id, campaign_id, form_name, submitter_name, submitter_email, submitter_phone, subject, message, form_data, ip_address, user_agent, status, processed_at, created_at, updated_at) VALUES ('0fc1ce6b-e570-488a-b7e7-65e3fc7e8658', 'd70f5250-4562-4867-b699-3f57f47ff56d', 'c96c1067-1bc5-42f3-88c6-04b0c4597c99', 'Support Ticket', 'Maria Garcia', 'submitter8@example.com', '+12083327833', 'Question', 'This is a test submission message number 8. Lorem ipsum dolor sit amet.', '{"field1": "value8", "field2": 16, "field3": "option1"}', '73.56.45.149', 'Mozilla/5.0 (X11; Linux x86_64) Firefox/89.0', 'failed', '2025-09-03T01:33:41.346221', '2025-08-14T19:33:41.346221', '2025-08-27T19:33:41.346221');
INSERT INTO submissions (id, website_id, campaign_id, form_name, submitter_name, submitter_email, subject, message, form_data, ip_address, user_agent, referrer, status, created_at, updated_at) VALUES ('78bef66d-8843-48f9-b485-c60456e9a0af', 'd70f5250-4562-4867-b699-3f57f47ff56d', 'c96c1067-1bc5-42f3-88c6-04b0c4597c99', 'Contact Form', 'Michael Johnson', 'submitter9@example.com', 'Information', 'This is a test submission message number 9. Lorem ipsum dolor sit amet.', '{"field1": "value9", "field2": 40, "field3": "option3"}', '60.174.22.85', 'Mozilla/5.0 (Macintosh; Intel Mac OS X 10_15_7) Safari/14.1', 'https://facebook.com', 'processed', '2025-08-26T19:33:41.346221', '2025-08-28T19:33:41.346221');
INSERT INTO submissions (id, website_id, campaign_id, form_name, submitter_name, submitter_email, submitter_phone, subject, message, form_data, ip_address, user_agent, referrer, status, processed_at, notes, created_at, updated_at) VALUES ('cf7e4bd4-88bf-4bed-a1c5-08f3bbf4031d', 'd70f5250-4562-4867-b699-3f57f47ff56d', '2aea61f7-7a2f-4125-9d10-ffaf7c93e1a4', 'Newsletter Signup', 'John Brown', 'submitter10@example.com', '+18339827227', 'Question', 'This is a test submission message number 10. Lorem ipsum dolor sit amet.', '{"field1": "value10", "field2": 78, "field3": "option1"}', '51.94.100.167', 'Mozilla/5.0 (Windows NT 10.0; Win64; x64) Chrome/91.0', 'https://facebook.com', 'pending', '2025-09-02T04:33:41.346221', 'Auto-generated test submission', '2025-08-10T19:33:41.346221', '2025-09-03T19:33:41.346221');
INSERT INTO submissions (id, website_id, campaign_id, form_name, submitter_name, submitter_email, subject, message, form_data, ip_address, user_agent, referrer, status, created_at, updated_at) VALUES ('d880138c-93ec-4274-b535-b375472885ce', 'd70f5250-4562-4867-b699-3f57f47ff56d', '2aea61f7-7a2f-4125-9d10-ffaf7c93e1a4', 'Contact Form', 'Sarah Garcia', 'submitter11@example.com', 'Feedback', 'This is a test submission message number 11. Lorem ipsum dolor sit amet.', '{"field1": "value11", "field2": 59, "field3": "option3"}', '145.55.4.195', 'Mozilla/5.0 (Windows NT 10.0; Win64; x64) Chrome/91.0', 'https://facebook.com', 'spam', '2025-08-20T19:33:41.346221', '2025-09-02T19:33:41.346221');
INSERT INTO submissions (id, website_id, campaign_id, form_name, submitter_name, submitter_email, submitter_phone, subject, message, form_data, ip_address, user_agent, referrer, status, processed_at, created_at, updated_at) VALUES ('130cb260-1ee3-4e57-a7d7-91181ec76a66', 'd70f5250-4562-4867-b699-3f57f47ff56d', '5e21f95c-ab0b-47ed-bbc4-f71b7fb5cb67', 'Newsletter Signup', 'John Garcia', 'submitter12@example.com', '+18512748708', 'Request', 'This is a test submission message number 12. Lorem ipsum dolor sit amet.', '{"field1": "value12", "field2": 100, "field3": "option2"}', '199.111.145.21', 'Mozilla/5.0 (Macintosh; Intel Mac OS X 10_15_7) Safari/14.1', 'direct', 'failed', '2025-09-03T03:33:41.346221', '2025-08-29T19:33:41.346221', '2025-08-31T19:33:41.346221');
INSERT INTO submissions (id, website_id, campaign_id, form_name, submitter_name, submitter_email, subject, message, form_data, ip_address, user_agent, referrer, status, created_at, updated_at) VALUES ('c9e551ff-fe5b-47cc-afc2-ea6131c2f4dd', 'd70f5250-4562-4867-b699-3f57f47ff56d', '2aea61f7-7a2f-4125-9d10-ffaf7c93e1a4', 'Quote Request', 'Sarah Jones', 'submitter13@example.com', 'Question', 'This is a test submission message number 13. Lorem ipsum dolor sit amet.', '{"field1": "value13", "field2": 45, "field3": "option3"}', '73.173.112.151', 'Mozilla/5.0 (Macintosh; Intel Mac OS X 10_15_7) Safari/14.1', 'https://facebook.com', 'processed', '2025-08-25T19:33:41.346221', '2025-08-30T19:33:41.346221');
INSERT INTO submissions (id, website_id, campaign_id, form_name, submitter_name, submitter_email, submitter_phone, subject, message, form_data, ip_address, user_agent, status, processed_at, created_at, updated_at) VALUES ('4e08585e-ae1f-405a-8e34-bb3f73f93ba6', 'd70f5250-4562-4867-b699-3f57f47ff56d', 'c96c1067-1bc5-42f3-88c6-04b0c4597c99', 'Contact Form', 'Lisa Johnson', 'submitter14@example.com', '+17207639243', 'Question', 'This is a test submission message number 14. Lorem ipsum dolor sit amet.', '{"field1": "value14", "field2": 22, "field3": "option1"}', '130.217.245.10', 'Mozilla/5.0 (Windows NT 10.0; Win64; x64) Chrome/91.0', 'failed', '2025-09-03T00:33:41.346221', '2025-08-28T19:33:41.346221', '2025-08-30T19:33:41.346221');
INSERT INTO submissions (id, website_id, campaign_id, form_name, submitter_name, submitter_email, subject, message, form_data, ip_address, user_agent, status, notes, created_at, updated_at) VALUES ('0aee4f5f-c2ae-4057-b385-25b4522e7926', 'd70f5250-4562-4867-b699-3f57f47ff56d', '5e21f95c-ab0b-47ed-bbc4-f71b7fb5cb67', 'Quote Request', 'Sarah Smith', 'submitter15@example.com', 'Request', 'This is a test submission message number 15. Lorem ipsum dolor sit amet.', '{"field1": "value15", "field2": 85, "field3": "option1"}', '77.117.214.60', 'Mozilla/5.0 (X11; Linux x86_64) Firefox/89.0', 'processed', 'Auto-generated test submission', '2025-08-14T19:33:41.346221', '2025-08-29T19:33:41.346221');
INSERT INTO submissions (id, website_id, campaign_id, form_name, submitter_name, submitter_email, submitter_phone, subject, message, form_data, ip_address, user_agent, referrer, status, processed_at, created_at, updated_at) VALUES ('42dab7c4-e3fa-4143-90f7-211684900ec6', 'd70f5250-4562-4867-b699-3f57f47ff56d', 'b01a38cb-c73a-4ba4-a83b-f54e62846a24', 'Support Ticket', 'Maria Johnson', 'submitter16@example.com', '+14638197446', 'Request', 'This is a test submission message number 16. Lorem ipsum dolor sit amet.', '{"field1": "value16", "field2": 14, "field3": "option1"}', '7.195.245.173', 'Mozilla/5.0 (Macintosh; Intel Mac OS X 10_15_7) Safari/14.1', 'direct', 'processed', '2025-09-02T22:33:41.346221', '2025-09-02T19:33:41.346221', '2025-08-30T19:33:41.346221');
INSERT INTO submissions (id, website_id, campaign_id, form_name, submitter_name, submitter_email, subject, message, form_data, ip_address, user_agent, referrer, status, created_at, updated_at) VALUES ('1fd28ef3-5037-4651-8c68-c162bef1e5a7', 'd70f5250-4562-4867-b699-3f57f47ff56d', 'b01a38cb-c73a-4ba4-a83b-f54e62846a24', 'Newsletter Signup', 'Lisa Jones', 'submitter17@example.com', 'Request', 'This is a test submission message number 17. Lorem ipsum dolor sit amet.', '{"field1": "value17", "field2": 67, "field3": "option3"}', '174.195.172.3', 'Mozilla/5.0 (X11; Linux x86_64) Firefox/89.0', 'https://facebook.com', 'processed', '2025-08-13T19:33:41.346221', '2025-08-29T19:33:41.346221');
INSERT INTO submissions (id, website_id, campaign_id, form_name, submitter_name, submitter_email, submitter_phone, subject, message, form_data, ip_address, user_agent, referrer, status, processed_at, created_at, updated_at) VALUES ('afa30fa1-fd6f-409c-b4f9-39cc9825e5cd', 'd70f5250-4562-4867-b699-3f57f47ff56d', '66d46a6c-0e76-45d8-b734-47daad987c8a', 'Support Ticket', 'Jane Martinez', 'submitter18@example.com', '+19727281648', 'Request', 'This is a test submission message number 18. Lorem ipsum dolor sit amet.', '{"field1": "value18", "field2": 4, "field3": "option2"}', '120.103.72.183', 'Mozilla/5.0 (X11; Linux x86_64) Firefox/89.0', 'https://facebook.com', 'failed', '2025-09-01T22:33:41.346221', '2025-08-10T19:33:41.346221', '2025-08-27T19:33:41.346221');
INSERT INTO submissions (id, website_id, campaign_id, form_name, submitter_name, submitter_email, subject, message, form_data, ip_address, user_agent, referrer, status, created_at, updated_at) VALUES ('fa3686a2-3a64-4f14-85d3-7c425db8d49b', 'd70f5250-4562-4867-b699-3f57f47ff56d', '5e21f95c-ab0b-47ed-bbc4-f71b7fb5cb67', 'Support Ticket', 'Michael Rodriguez', 'submitter19@example.com', 'Inquiry', 'This is a test submission message number 19. Lorem ipsum dolor sit amet.', '{"field1": "value19", "field2": 48, "field3": "option3"}', '178.196.212.76', 'Mozilla/5.0 (Windows NT 10.0; Win64; x64) Chrome/91.0', 'https://google.com', 'pending', '2025-08-08T19:33:41.346221', '2025-08-31T19:33:41.346221');
INSERT INTO submissions (id, website_id, campaign_id, form_name, submitter_name, submitter_email, submitter_phone, subject, message, form_data, ip_address, user_agent, referrer, status, processed_at, notes, created_at, updated_at) VALUES ('b3cbe450-7311-43c7-8446-5f63d0301dc8', '93f71ba2-b270-44cf-83bb-75911fed01bd', '5c9427ce-2aa5-4a80-9d2d-819f6f0e9dd0', 'Contact Form', 'Michael Brown', 'submitter0@example.com', '+16583661756', 'Inquiry', 'This is a test submission message number 0. Lorem ipsum dolor sit amet.', '{"field1": "value0", "field2": 69, "field3": "option1"}', '126.68.114.120', 'Mozilla/5.0 (Macintosh; Intel Mac OS X 10_15_7) Safari/14.1', 'https://google.com', 'pending', '2025-09-02T20:33:41.346221', 'Auto-generated test submission', '2025-08-18T19:33:41.346221', '2025-09-03T19:33:41.346221');
INSERT INTO submissions (id, website_id, campaign_id, form_name, submitter_name, submitter_email, subject, message, form_data, ip_address, user_agent, referrer, status, created_at, updated_at) VALUES ('5ad0b177-2d6d-4f88-9e1b-09c495775f49', '93f71ba2-b270-44cf-83bb-75911fed01bd', '66d46a6c-0e76-45d8-b734-47daad987c8a', 'Support Ticket', 'Lisa Miller', 'submitter1@example.com', 'Inquiry', 'This is a test submission message number 1. Lorem ipsum dolor sit amet.', '{"field1": "value1", "field2": 40, "field3": "option2"}', '195.25.179.30', 'Mozilla/5.0 (Windows NT 10.0; Win64; x64) Chrome/91.0', 'direct', 'processed', '2025-08-30T19:33:41.346221', '2025-09-03T19:33:41.346221');
INSERT INTO submissions (id, website_id, campaign_id, form_name, submitter_name, submitter_email, submitter_phone, subject, message, form_data, ip_address, user_agent, referrer, status, processed_at, created_at, updated_at) VALUES ('2de117bc-a214-4dbc-85fb-4652b932b6dd', '93f71ba2-b270-44cf-83bb-75911fed01bd', 'c96c1067-1bc5-42f3-88c6-04b0c4597c99', 'Support Ticket', 'Robert Brown', 'submitter2@example.com', '+16814454586', 'Information', 'This is a test submission message number 2. Lorem ipsum dolor sit amet.', '{"field1": "value2", "field2": 39, "field3": "option1"}', '167.59.195.212', 'Mozilla/5.0 (Windows NT 10.0; Win64; x64) Chrome/91.0', 'https://facebook.com', 'processed', '2025-09-03T03:33:41.346221', '2025-08-07T19:33:41.346221', '2025-09-02T19:33:41.346221');
INSERT INTO submissions (id, website_id, campaign_id, form_name, submitter_name, submitter_email, subject, message, form_data, ip_address, user_agent, referrer, status, created_at, updated_at) VALUES ('8c8b1bb4-6a6b-4f4e-bb54-c4f82514c148', '93f71ba2-b270-44cf-83bb-75911fed01bd', '7e526b78-5401-478d-9df1-5f564254099e', 'Contact Form', 'Robert Jones', 'submitter3@example.com', 'Feedback', 'This is a test submission message number 3. Lorem ipsum dolor sit amet.', '{"field1": "value3", "field2": 62, "field3": "option2"}', '99.238.43.134', 'Mozilla/5.0 (Macintosh; Intel Mac OS X 10_15_7) Safari/14.1', 'https://facebook.com', 'pending', '2025-08-31T19:33:41.346221', '2025-09-01T19:33:41.346221');
INSERT INTO submissions (id, website_id, campaign_id, form_name, submitter_name, submitter_email, submitter_phone, subject, message, form_data, ip_address, user_agent, referrer, status, processed_at, created_at, updated_at) VALUES ('278fa400-c3f3-429a-8d98-ac9269f07436', '93f71ba2-b270-44cf-83bb-75911fed01bd', 'fdaec537-eb46-4823-8d61-b514ef103749', 'Newsletter Signup', 'John Miller', 'submitter4@example.com', '+18706646637', 'Inquiry', 'This is a test submission message number 4. Lorem ipsum dolor sit amet.', '{"field1": "value4", "field2": 26, "field3": "option3"}', '177.114.113.177', 'Mozilla/5.0 (X11; Linux x86_64) Firefox/89.0', 'https://facebook.com', 'spam', '2025-09-01T19:33:41.346221', '2025-08-14T19:33:41.346221', '2025-09-03T19:33:41.346221');
INSERT INTO submissions (id, website_id, campaign_id, form_name, submitter_name, submitter_email, subject, message, form_data, ip_address, user_agent, referrer, status, notes, created_at, updated_at) VALUES ('fc32f73f-c50b-4647-9e47-72c053786325', '93f71ba2-b270-44cf-83bb-75911fed01bd', 'b01a38cb-c73a-4ba4-a83b-f54e62846a24', 'Contact Form', 'Michael Davis', 'submitter5@example.com', 'Question', 'This is a test submission message number 5. Lorem ipsum dolor sit amet.', '{"field1": "value5", "field2": 48, "field3": "option2"}', '158.83.164.23', 'Mozilla/5.0 (X11; Linux x86_64) Firefox/89.0', 'https://google.com', 'processed', 'Auto-generated test submission', '2025-08-31T19:33:41.346221', '2025-08-29T19:33:41.346221');
INSERT INTO submissions (id, website_id, campaign_id, form_name, submitter_name, submitter_email, submitter_phone, subject, message, form_data, ip_address, user_agent, referrer, status, processed_at, created_at, updated_at) VALUES ('88a476ae-900c-425d-afe9-83bc7179ec2d', '93f71ba2-b270-44cf-83bb-75911fed01bd', 'fdaec537-eb46-4823-8d61-b514ef103749', 'Quote Request', 'Sarah Jones', 'submitter6@example.com', '+18129688940', 'Inquiry', 'This is a test submission message number 6. Lorem ipsum dolor sit amet.', '{"field1": "value6", "field2": 85, "field3": "option2"}', '147.81.70.27', 'Mozilla/5.0 (Windows NT 10.0; Win64; x64) Chrome/91.0', 'https://facebook.com', 'pending', '2025-09-02T20:33:41.346221', '2025-08-18T19:33:41.346221', '2025-09-03T19:33:41.346221');
INSERT INTO submissions (id, website_id, campaign_id, form_name, submitter_name, submitter_email, submitter_phone, subject, message, form_data, ip_address, user_agent, referrer, status, processed_at, notes, created_at, updated_at) VALUES ('dcb04834-23a0-4a95-bd93-1ffff19a283f', 'b248c906-00a4-40f5-8502-f2a1b2ad892d', '66d46a6c-0e76-45d8-b734-47daad987c8a', 'Contact Form', 'Maria Williams', 'submitter0@example.com', '+15668726873', 'Inquiry', 'This is a test submission message number 0. Lorem ipsum dolor sit amet.', '{"field1": "value0", "field2": 47, "field3": "option1"}', '127.168.53.234', 'Mozilla/5.0 (X11; Linux x86_64) Firefox/89.0', 'https://google.com', 'pending', '2025-09-03T14:33:41.346221', 'Auto-generated test submission', '2025-08-29T19:33:41.346221', '2025-08-30T19:33:41.346221');
INSERT INTO submissions (id, website_id, campaign_id, form_name, submitter_name, submitter_email, subject, message, form_data, ip_address, user_agent, status, created_at, updated_at) VALUES ('f9e9884a-0714-404c-a303-e1c277648515', 'b248c906-00a4-40f5-8502-f2a1b2ad892d', '5c9427ce-2aa5-4a80-9d2d-819f6f0e9dd0', 'Newsletter Signup', 'Jane Martinez', 'submitter1@example.com', 'Feedback', 'This is a test submission message number 1. Lorem ipsum dolor sit amet.', '{"field1": "value1", "field2": 43, "field3": "option2"}', '249.21.57.226', 'Mozilla/5.0 (Windows NT 10.0; Win64; x64) Chrome/91.0', 'failed', '2025-08-20T19:33:41.346221', '2025-08-30T19:33:41.346221');
INSERT INTO submissions (id, website_id, campaign_id, form_name, submitter_name, submitter_email, submitter_phone, subject, message, form_data, ip_address, user_agent, referrer, status, processed_at, created_at, updated_at) VALUES ('5c74540c-ee3a-4d8a-b30a-910f81400148', 'b248c906-00a4-40f5-8502-f2a1b2ad892d', '66d46a6c-0e76-45d8-b734-47daad987c8a', 'Quote Request', 'John Williams', 'submitter2@example.com', '+16706305793', 'Information', 'This is a test submission message number 2. Lorem ipsum dolor sit amet.', '{"field1": "value2", "field2": 57, "field3": "option3"}', '252.104.205.244', 'Mozilla/5.0 (Windows NT 10.0; Win64; x64) Chrome/91.0', 'https://facebook.com', 'pending', '2025-09-03T09:33:41.346221', '2025-08-29T19:33:41.346221', '2025-08-31T19:33:41.346221');
INSERT INTO submissions (id, website_id, campaign_id, form_name, submitter_name, submitter_email, subject, message, form_data, ip_address, user_agent, referrer, status, created_at, updated_at) VALUES ('86e4d9b4-587c-4134-9218-2b912f364c16', 'b248c906-00a4-40f5-8502-f2a1b2ad892d', '5c9427ce-2aa5-4a80-9d2d-819f6f0e9dd0', 'Newsletter Signup', 'Jane Brown', 'submitter3@example.com', 'Information', 'This is a test submission message number 3. Lorem ipsum dolor sit amet.', '{"field1": "value3", "field2": 11, "field3": "option2"}', '98.61.85.17', 'Mozilla/5.0 (Macintosh; Intel Mac OS X 10_15_7) Safari/14.1', 'direct', 'spam', '2025-08-17T19:33:41.346221', '2025-08-30T19:33:41.346221');
INSERT INTO submissions (id, website_id, campaign_id, form_name, submitter_name, submitter_email, submitter_phone, subject, message, form_data, ip_address, user_agent, referrer, status, processed_at, created_at, updated_at) VALUES ('70781bc9-4287-4b7f-8b32-1176d9dc0d02', 'b248c906-00a4-40f5-8502-f2a1b2ad892d', 'c96c1067-1bc5-42f3-88c6-04b0c4597c99', 'Newsletter Signup', 'Jane Brown', 'submitter4@example.com', '+17779205373', 'Inquiry', 'This is a test submission message number 4. Lorem ipsum dolor sit amet.', '{"field1": "value4", "field2": 4, "field3": "option1"}', '53.41.220.224', 'Mozilla/5.0 (Macintosh; Intel Mac OS X 10_15_7) Safari/14.1', 'direct', 'failed', '2025-09-02T20:33:41.346221', '2025-08-16T19:33:41.346221', '2025-09-03T19:33:41.346221');
INSERT INTO submissions (id, website_id, campaign_id, form_name, submitter_name, submitter_email, subject, message, form_data, ip_address, user_agent, status, notes, created_at, updated_at) VALUES ('266c574d-cd7f-4749-aafb-c3460ba6be96', 'b248c906-00a4-40f5-8502-f2a1b2ad892d', '7e526b78-5401-478d-9df1-5f564254099e', 'Contact Form', 'Jane Williams', 'submitter5@example.com', 'Feedback', 'This is a test submission message number 5. Lorem ipsum dolor sit amet.', '{"field1": "value5", "field2": 74, "field3": "option3"}', '241.249.227.38', 'Mozilla/5.0 (Macintosh; Intel Mac OS X 10_15_7) Safari/14.1', 'failed', 'Auto-generated test submission', '2025-08-29T19:33:41.346221', '2025-08-31T19:33:41.346221');
INSERT INTO submissions (id, website_id, campaign_id, form_name, submitter_name, submitter_email, submitter_phone, subject, message, form_data, ip_address, user_agent, referrer, status, processed_at, created_at, updated_at) VALUES ('cc064031-7824-4a0e-b1c7-2fdb4186d7d1', 'b248c906-00a4-40f5-8502-f2a1b2ad892d', '5e21f95c-ab0b-47ed-bbc4-f71b7fb5cb67', 'Support Ticket', 'Emma Smith', 'submitter6@example.com', '+14863093300', 'Information', 'This is a test submission message number 6. Lorem ipsum dolor sit amet.', '{"field1": "value6", "field2": 39, "field3": "option1"}', '86.202.161.253', 'Mozilla/5.0 (X11; Linux x86_64) Firefox/89.0', 'https://facebook.com', 'spam', '2025-09-02T01:33:41.346221', '2025-08-05T19:33:41.346221', '2025-08-27T19:33:41.346221');
INSERT INTO submissions (id, website_id, campaign_id, form_name, submitter_name, submitter_email, subject, message, form_data, ip_address, user_agent, referrer, status, created_at, updated_at) VALUES ('32289d45-0f1b-4a2f-a806-fc080221a1ea', 'b248c906-00a4-40f5-8502-f2a1b2ad892d', '2aea61f7-7a2f-4125-9d10-ffaf7c93e1a4', 'Newsletter Signup', 'James Johnson', 'submitter7@example.com', 'Inquiry', 'This is a test submission message number 7. Lorem ipsum dolor sit amet.', '{"field1": "value7", "field2": 94, "field3": "option2"}', '33.152.17.87', 'Mozilla/5.0 (X11; Linux x86_64) Firefox/89.0', 'direct', 'spam', '2025-08-22T19:33:41.346221', '2025-08-28T19:33:41.346221');
INSERT INTO submissions (id, website_id, campaign_id, form_name, submitter_name, submitter_email, submitter_phone, subject, message, form_data, ip_address, user_agent, referrer, status, processed_at, created_at, updated_at) VALUES ('20156b2c-888d-476d-a01d-6bfec2aa061b', 'b248c906-00a4-40f5-8502-f2a1b2ad892d', 'c96c1067-1bc5-42f3-88c6-04b0c4597c99', 'Quote Request', 'John Rodriguez', 'submitter8@example.com', '+16868092912', 'Feedback', 'This is a test submission message number 8. Lorem ipsum dolor sit amet.', '{"field1": "value8", "field2": 89, "field3": "option2"}', '194.102.35.18', 'Mozilla/5.0 (X11; Linux x86_64) Firefox/89.0', 'direct', 'processed', '2025-09-03T04:33:41.346781', '2025-08-21T19:33:41.346781', '2025-08-29T19:33:41.346781');
INSERT INTO submissions (id, website_id, campaign_id, form_name, submitter_name, submitter_email, subject, message, form_data, ip_address, user_agent, status, created_at, updated_at) VALUES ('2f44bd63-c1ac-47e5-9726-fd86a2e347cb', 'b248c906-00a4-40f5-8502-f2a1b2ad892d', '7e526b78-5401-478d-9df1-5f564254099e', 'Support Ticket', 'Michael Smith', 'submitter9@example.com', 'Question', 'This is a test submission message number 9. Lorem ipsum dolor sit amet.', '{"field1": "value9", "field2": 88, "field3": "option2"}', '172.223.200.143', 'Mozilla/5.0 (X11; Linux x86_64) Firefox/89.0', 'failed', '2025-08-27T19:33:41.346781', '2025-08-28T19:33:41.346781');
INSERT INTO submissions (id, website_id, campaign_id, form_name, submitter_name, submitter_email, submitter_phone, subject, message, form_data, ip_address, user_agent, referrer, status, processed_at, notes, created_at, updated_at) VALUES ('9bb82470-1e50-4c88-8669-09914d41e4c6', 'b248c906-00a4-40f5-8502-f2a1b2ad892d', '2aea61f7-7a2f-4125-9d10-ffaf7c93e1a4', 'Quote Request', 'Lisa Smith', 'submitter10@example.com', '+13388564499', 'Information', 'This is a test submission message number 10. Lorem ipsum dolor sit amet.', '{"field1": "value10", "field2": 29, "field3": "option2"}', '52.27.154.132', 'Mozilla/5.0 (Windows NT 10.0; Win64; x64) Chrome/91.0', 'https://google.com', 'pending', '2025-09-02T11:33:41.346781', 'Auto-generated test submission', '2025-08-17T19:33:41.346781', '2025-09-02T19:33:41.346781');
INSERT INTO submissions (id, website_id, campaign_id, form_name, submitter_name, submitter_email, subject, message, form_data, ip_address, user_agent, status, created_at, updated_at) VALUES ('70c4195d-acdf-482a-8184-c310b06e821c', 'b248c906-00a4-40f5-8502-f2a1b2ad892d', '5e21f95c-ab0b-47ed-bbc4-f71b7fb5cb67', 'Contact Form', 'Lisa Martinez', 'submitter11@example.com', 'Inquiry', 'This is a test submission message number 11. Lorem ipsum dolor sit amet.', '{"field1": "value11", "field2": 46, "field3": "option3"}', '82.210.160.181', 'Mozilla/5.0 (Macintosh; Intel Mac OS X 10_15_7) Safari/14.1', 'spam', '2025-08-16T19:33:41.346781', '2025-09-02T19:33:41.346781');
INSERT INTO submissions (id, website_id, campaign_id, form_name, submitter_name, submitter_email, submitter_phone, subject, message, form_data, ip_address, user_agent, status, processed_at, created_at, updated_at) VALUES ('3a62b124-6878-48b1-a255-2d8d32361794', 'b248c906-00a4-40f5-8502-f2a1b2ad892d', '2aea61f7-7a2f-4125-9d10-ffaf7c93e1a4', 'Contact Form', 'Michael Smith', 'submitter12@example.com', '+12536149495', 'Request', 'This is a test submission message number 12. Lorem ipsum dolor sit amet.', '{"field1": "value12", "field2": 94, "field3": "option2"}', '158.64.206.97', 'Mozilla/5.0 (X11; Linux x86_64) Firefox/89.0', 'spam', '2025-09-02T11:33:41.346781', '2025-08-23T19:33:41.346781', '2025-08-27T19:33:41.346781');
INSERT INTO submissions (id, website_id, campaign_id, form_name, submitter_name, submitter_email, subject, message, form_data, ip_address, user_agent, referrer, status, created_at, updated_at) VALUES ('9a3475bf-1b20-45c4-921b-db2533663abd', 'b248c906-00a4-40f5-8502-f2a1b2ad892d', 'fdaec537-eb46-4823-8d61-b514ef103749', 'Newsletter Signup', 'Michael Williams', 'submitter13@example.com', 'Feedback', 'This is a test submission message number 13. Lorem ipsum dolor sit amet.', '{"field1": "value13", "field2": 95, "field3": "option3"}', '212.121.4.17', 'Mozilla/5.0 (Macintosh; Intel Mac OS X 10_15_7) Safari/14.1', 'https://google.com', 'spam', '2025-08-19T19:33:41.346781', '2025-08-29T19:33:41.346781');
INSERT INTO submissions (id, website_id, campaign_id, form_name, submitter_name, submitter_email, submitter_phone, subject, message, form_data, ip_address, user_agent, referrer, status, processed_at, created_at, updated_at) VALUES ('fc95e92f-0465-4aa3-863f-401ec75d99b3', 'b248c906-00a4-40f5-8502-f2a1b2ad892d', 'fdaec537-eb46-4823-8d61-b514ef103749', 'Quote Request', 'Emma Smith', 'submitter14@example.com', '+12705436217', 'Feedback', 'This is a test submission message number 14. Lorem ipsum dolor sit amet.', '{"field1": "value14", "field2": 63, "field3": "option2"}', '132.20.183.165', 'Mozilla/5.0 (X11; Linux x86_64) Firefox/89.0', 'https://google.com', 'pending', '2025-09-03T08:33:41.346846', '2025-08-16T19:33:41.346846', '2025-08-29T19:33:41.346846');
INSERT INTO submissions (id, website_id, campaign_id, form_name, submitter_name, submitter_email, subject, message, form_data, ip_address, user_agent, referrer, status, notes, created_at, updated_at) VALUES ('b4cc0b00-d476-46b6-b062-b8803bdf3464', 'b248c906-00a4-40f5-8502-f2a1b2ad892d', '7e526b78-5401-478d-9df1-5f564254099e', 'Quote Request', 'Jane Johnson', 'submitter15@example.com', 'Inquiry', 'This is a test submission message number 15. Lorem ipsum dolor sit amet.', '{"field1": "value15", "field2": 73, "field3": "option2"}', '161.84.99.24', 'Mozilla/5.0 (Windows NT 10.0; Win64; x64) Chrome/91.0', 'direct', 'failed', 'Auto-generated test submission', '2025-08-13T19:33:41.346846', '2025-08-31T19:33:41.346846');
INSERT INTO submissions (id, website_id, campaign_id, form_name, submitter_name, submitter_email, submitter_phone, subject, message, form_data, ip_address, user_agent, referrer, status, processed_at, created_at, updated_at) VALUES ('ba609f84-54b9-43b4-b748-4e24d6db2b6d', 'b248c906-00a4-40f5-8502-f2a1b2ad892d', '2aea61f7-7a2f-4125-9d10-ffaf7c93e1a4', 'Quote Request', 'Sarah Brown', 'submitter16@example.com', '+17335441861', 'Request', 'This is a test submission message number 16. Lorem ipsum dolor sit amet.', '{"field1": "value16", "field2": 87, "field3": "option1"}', '200.119.189.127', 'Mozilla/5.0 (X11; Linux x86_64) Firefox/89.0', 'direct', 'processed', '2025-09-02T17:33:41.346846', '2025-08-09T19:33:41.346846', '2025-09-02T19:33:41.346846');
INSERT INTO submissions (id, website_id, campaign_id, form_name, submitter_name, submitter_email, subject, message, form_data, ip_address, user_agent, referrer, status, created_at, updated_at) VALUES ('3ca2907c-80f3-489c-b679-a7e77e702485', 'b248c906-00a4-40f5-8502-f2a1b2ad892d', '5e21f95c-ab0b-47ed-bbc4-f71b7fb5cb67', 'Contact Form', 'Lisa Jones', 'submitter17@example.com', 'Inquiry', 'This is a test submission message number 17. Lorem ipsum dolor sit amet.', '{"field1": "value17", "field2": 54, "field3": "option1"}', '104.58.101.23', 'Mozilla/5.0 (Macintosh; Intel Mac OS X 10_15_7) Safari/14.1', 'https://facebook.com', 'failed', '2025-08-23T19:33:41.346846', '2025-08-27T19:33:41.346846');
INSERT INTO submissions (id, website_id, campaign_id, form_name, submitter_name, submitter_email, submitter_phone, subject, message, form_data, ip_address, user_agent, referrer, status, processed_at, notes, created_at, updated_at) VALUES ('f984ff9c-5f68-4993-a671-60755edb2913', '99fe973e-92a8-4d39-8a6e-a75c72697a31', '5c9427ce-2aa5-4a80-9d2d-819f6f0e9dd0', 'Newsletter Signup', 'Jane Miller', 'submitter0@example.com', '+14585356933', 'Request', 'This is a test submission message number 0. Lorem ipsum dolor sit amet.', '{"field1": "value0", "field2": 77, "field3": "option1"}', '235.39.217.222', 'Mozilla/5.0 (Macintosh; Intel Mac OS X 10_15_7) Safari/14.1', 'https://google.com', 'failed', '2025-09-02T23:33:41.346846', 'Auto-generated test submission', '2025-08-28T19:33:41.346846', '2025-08-30T19:33:41.346846');
INSERT INTO submissions (id, website_id, campaign_id, form_name, submitter_name, submitter_email, subject, message, form_data, ip_address, user_agent, referrer, status, created_at, updated_at) VALUES ('294d757d-136e-4e81-80a1-5aecd59dda32', '99fe973e-92a8-4d39-8a6e-a75c72697a31', '7e526b78-5401-478d-9df1-5f564254099e', 'Newsletter Signup', 'David Williams', 'submitter1@example.com', 'Question', 'This is a test submission message number 1. Lorem ipsum dolor sit amet.', '{"field1": "value1", "field2": 7, "field3": "option1"}', '224.127.92.134', 'Mozilla/5.0 (Windows NT 10.0; Win64; x64) Chrome/91.0', 'https://google.com', 'failed', '2025-08-10T19:33:41.346846', '2025-09-01T19:33:41.346846');
INSERT INTO submissions (id, website_id, campaign_id, form_name, submitter_name, submitter_email, submitter_phone, subject, message, form_data, ip_address, user_agent, referrer, status, processed_at, created_at, updated_at) VALUES ('da7a6c1c-af1d-44b8-b122-fa3fb1c75bea', '99fe973e-92a8-4d39-8a6e-a75c72697a31', 'fdaec537-eb46-4823-8d61-b514ef103749', 'Support Ticket', 'Robert Rodriguez', 'submitter2@example.com', '+17299197456', 'Inquiry', 'This is a test submission message number 2. Lorem ipsum dolor sit amet.', '{"field1": "value2", "field2": 20, "field3": "option2"}', '24.239.204.143', 'Mozilla/5.0 (Windows NT 10.0; Win64; x64) Chrome/91.0', 'direct', 'spam', '2025-09-02T15:33:41.346846', '2025-08-24T19:33:41.346846', '2025-08-30T19:33:41.346846');
INSERT INTO submissions (id, website_id, campaign_id, form_name, submitter_name, submitter_email, subject, message, form_data, ip_address, user_agent, referrer, status, created_at, updated_at) VALUES ('33ad431e-5e3c-4b3a-af2f-995b7074d05a', '99fe973e-92a8-4d39-8a6e-a75c72697a31', '7e526b78-5401-478d-9df1-5f564254099e', 'Contact Form', 'Sarah Brown', 'submitter3@example.com', 'Feedback', 'This is a test submission message number 3. Lorem ipsum dolor sit amet.', '{"field1": "value3", "field2": 68, "field3": "option1"}', '62.137.32.233', 'Mozilla/5.0 (X11; Linux x86_64) Firefox/89.0', 'https://facebook.com', 'spam', '2025-08-19T19:33:41.346923', '2025-08-28T19:33:41.346923');
INSERT INTO submissions (id, website_id, campaign_id, form_name, submitter_name, submitter_email, submitter_phone, subject, message, form_data, ip_address, user_agent, referrer, status, processed_at, created_at, updated_at) VALUES ('aa406ffb-e6bc-41b6-b7b2-82fcdb028524', '99fe973e-92a8-4d39-8a6e-a75c72697a31', '66d46a6c-0e76-45d8-b734-47daad987c8a', 'Newsletter Signup', 'Robert Rodriguez', 'submitter4@example.com', '+15728273105', 'Information', 'This is a test submission message number 4. Lorem ipsum dolor sit amet.', '{"field1": "value4", "field2": 3, "field3": "option2"}', '51.93.214.114', 'Mozilla/5.0 (Macintosh; Intel Mac OS X 10_15_7) Safari/14.1', 'https://google.com', 'spam', '2025-09-03T01:33:41.346923', '2025-08-08T19:33:41.346923', '2025-08-28T19:33:41.346923');

-- SUBMISSION_LOGS TABLE DATA
----------------------------------------
INSERT INTO submission_logs (id, submission_id, action, status, message, details, ip_address, created_at) VALUES ('d9a54c07-f5fd-45ac-af48-d1a3b110151b', 'ff2b6645-13e2-40bf-90a6-f8a106657ce8', 'marked_as_spam', 'success', 'Export generated', '{"processing_time": 4.3305710761640555, "retry_count": 2}', '192.168.70.115', '2025-08-26T09:33:41.346923');
INSERT INTO submission_logs (id, submission_id, action, status, message, details, user_id, ip_address, created_at) VALUES ('17b4a1e9-5d15-4e4c-bd48-faaea26b4a8d', '4220f5b1-fcfc-41e2-b286-4d05a0a3fa29', 'exported', 'failure', 'Submission received successfully', '{"processing_time": 2.8536551808577495, "retry_count": 0}', 'ad2b2bec-0214-4b0a-87f8-dd37a002e46e', '192.168.185.216', '2025-08-29T17:33:41.346923');
INSERT INTO submission_logs (id, submission_id, action, status, message, details, user_id, ip_address, created_at) VALUES ('bef464ca-f884-47b0-b428-72ea08406249', '304623e6-3698-47d1-b659-f397d28f283a', 'emailed', 'failure', 'Email notification sent', '{"processing_time": 0.9287099079681592, "retry_count": 0}', '813e771a-86e8-4817-a74d-253e3accae94', '192.168.17.181', '2025-08-22T04:33:41.346923');
INSERT INTO submission_logs (id, submission_id, action, status, message, details, user_id, ip_address, created_at) VALUES ('5e9c40bf-f675-4628-a05c-1506b0ab1886', 'da7b1ab1-8a7d-496b-ac76-c2656d9e032c', 'marked_as_spam', 'pending', 'Processing completed', '{"processing_time": 1.8405764759931742, "retry_count": 2}', '813e771a-86e8-4817-a74d-253e3accae94', '192.168.68.64', '2025-08-04T21:33:41.346923');
INSERT INTO submission_logs (id, submission_id, action, status, message, details, user_id, ip_address, created_at) VALUES ('8d9e2481-b679-49bd-8610-c0e1508e3476', '1cb60299-7fff-44e9-8523-cb2fcf3dab80', 'marked_as_spam', 'success', 'Email notification sent', '{"processing_time": 1.0191880997529785, "retry_count": 0}', 'ad2b2bec-0214-4b0a-87f8-dd37a002e46e', '192.168.69.232', '2025-08-14T22:33:41.346923');
INSERT INTO submission_logs (id, submission_id, action, status, message, details, user_id, ip_address, created_at) VALUES ('b69c13ab-4906-4ce3-91bb-1d5651ba6fe4', 'b2dfb51e-091b-47bc-b047-a8b550768c6f', 'exported', 'failure', 'Processing completed', '{"processing_time": 0.8493416075141907, "retry_count": 3}', '1921f774-d58d-4680-a98a-1c3532db6956', '192.168.157.93', '2025-08-25T16:33:41.346923');
INSERT INTO submission_logs (id, submission_id, action, status, message, details, user_id, ip_address, created_at) VALUES ('35d58964-7e95-4446-842b-212c32010fb4', '65b9aac6-a8b6-49c5-991e-79bfafa94ff0', 'exported', 'success', 'Email notification sent', '{"processing_time": 4.485517149450723, "retry_count": 2}', '813e771a-86e8-4817-a74d-253e3accae94', '192.168.141.162', '2025-08-06T10:33:41.346923');
INSERT INTO submission_logs (id, submission_id, action, status, message, details, ip_address, created_at) VALUES ('07ba8a71-bad9-47df-84d0-a11dd7a2149d', '92470a4f-8c98-4d30-bf23-cf10ade6ef0b', 'processed', 'pending', 'Processing completed', '{"processing_time": 2.172199355014733, "retry_count": 0}', '192.168.93.105', '2025-08-24T00:33:41.346923');
INSERT INTO submission_logs (id, submission_id, action, status, message, details, user_id, ip_address, created_at) VALUES ('eba7f0d3-09de-44a1-a917-6ecf2660c61b', 'd0d524b0-ecf1-4c15-960a-800ed25ea534', 'marked_as_spam', 'success', 'Processing completed', '{"processing_time": 2.5284945946972592, "retry_count": 1}', '813e771a-86e8-4817-a74d-253e3accae94', '192.168.234.8', '2025-08-21T02:33:41.346923');
INSERT INTO submission_logs (id, submission_id, action, status, message, details, ip_address, created_at) VALUES ('da9b19fb-0eb9-42db-9d65-726efb8c40b1', '2c0c395d-4f2d-4bb3-bd89-8d0b776092c2', 'processed', 'failure', 'Export generated', '{"processing_time": 3.774064005642643, "retry_count": 0}', '192.168.216.143', '2025-09-03T15:33:41.346923');
INSERT INTO submission_logs (id, submission_id, action, status, message, details, user_id, ip_address, created_at) VALUES ('59e4ec45-8d47-47d5-b29e-9800dfccc96a', '7acf4a9d-0034-498e-b62f-52fb91e99780', 'created', 'success', 'Marked as spam by filter', '{"processing_time": 2.8038826216163275, "retry_count": 0}', '1921f774-d58d-4680-a98a-1c3532db6956', '192.168.163.65', '2025-08-25T07:33:41.346923');
INSERT INTO submission_logs (id, submission_id, action, status, message, details, user_id, ip_address, created_at) VALUES ('e3b01541-4446-43ec-8ed7-9a89492ca060', 'b47f0f13-b58d-42e9-a90d-b2fa1204c63f', 'processed', 'pending', 'Submission received successfully', '{"processing_time": 1.370945771004993, "retry_count": 1}', '813e771a-86e8-4817-a74d-253e3accae94', '192.168.156.75', '2025-08-21T16:33:41.346923');
INSERT INTO submission_logs (id, submission_id, action, status, message, details, ip_address, created_at) VALUES ('ac97c1b6-e63f-4297-9c8d-254d44ebce19', '8f97ea77-7822-4240-b4e4-835c5dacd465', 'marked_as_spam', 'success', 'Email notification sent', '{"processing_time": 3.4662901015654835, "retry_count": 2}', '192.168.40.72', '2025-08-11T21:33:41.346923');
INSERT INTO submission_logs (id, submission_id, action, status, message, details, ip_address, created_at) VALUES ('6f476e2c-88cb-4c1c-9715-6863403fedf7', '1b4e0516-0556-4262-8560-aa1906926c55', 'processed', 'success', 'Marked as spam by filter', '{"processing_time": 2.571662387118035, "retry_count": 2}', '192.168.22.116', '2025-08-20T12:33:41.346923');
INSERT INTO submission_logs (id, submission_id, action, status, message, details, user_id, ip_address, created_at) VALUES ('20ecbe15-ecfb-400f-a7a0-cb478705930a', '8d2c6230-3b13-48d8-bd3c-a79a60ddf11b', 'created', 'failure', 'Processing completed', '{"processing_time": 1.9346222345378827, "retry_count": 1}', 'ad2b2bec-0214-4b0a-87f8-dd37a002e46e', '192.168.146.36', '2025-08-22T17:33:41.346923');
INSERT INTO submission_logs (id, submission_id, action, status, message, details, ip_address, created_at) VALUES ('428e036b-adf8-4cb1-b1f0-9f36d1c0497d', 'a9664562-d6cb-4589-9eca-268b51882d32', 'exported', 'failure', 'Marked as spam by filter', '{"processing_time": 3.829856833407127, "retry_count": 3}', '192.168.76.5', '2025-08-27T14:33:41.346923');
INSERT INTO submission_logs (id, submission_id, action, status, message, details, user_id, ip_address, created_at) VALUES ('83bf74ce-4189-4663-a52c-d90805146f0d', 'd369d9dc-9c6d-4833-96c1-16560bd321b3', 'exported', 'failure', 'Submission received successfully', '{"processing_time": 1.6842841203497212, "retry_count": 3}', '1921f774-d58d-4680-a98a-1c3532db6956', '192.168.233.211', '2025-08-20T11:33:41.346923');
INSERT INTO submission_logs (id, submission_id, action, status, message, details, user_id, ip_address, created_at) VALUES ('f302877c-7a31-4b17-8cb2-2136a80d1c1d', '6983cb99-c7e6-4a74-ad99-10449a6b8383', 'processed', 'failure', 'Email notification sent', '{"processing_time": 1.7523961717764849, "retry_count": 0}', '813e771a-86e8-4817-a74d-253e3accae94', '192.168.239.153', '2025-08-09T20:33:41.346923');
INSERT INTO submission_logs (id, submission_id, action, status, message, details, ip_address, created_at) VALUES ('93fd455c-e194-45b9-9949-930cca6f2a0e', '66429feb-783a-447d-bed8-de85a6eab1ae', 'emailed', 'failure', 'Processing completed', '{"processing_time": 3.0811198991961635, "retry_count": 0}', '192.168.175.140', '2025-08-07T12:33:41.346923');
INSERT INTO submission_logs (id, submission_id, action, status, message, details, user_id, ip_address, created_at) VALUES ('ddad7cb6-001c-4418-8837-06904e480d2e', 'b9651073-8e18-4a36-97bb-7e7b0a5d897a', 'processed', 'success', 'Processing completed', '{"processing_time": 0.47067260661202226, "retry_count": 3}', '813e771a-86e8-4817-a74d-253e3accae94', '192.168.141.119', '2025-08-11T15:33:41.346923');
INSERT INTO submission_logs (id, submission_id, action, status, message, details, user_id, ip_address, created_at) VALUES ('494ec596-210c-4ef4-b6c5-89d697e2cc3c', '1d69a959-7b33-48a2-a576-aa00b1ab876e', 'exported', 'failure', 'Export generated', '{"processing_time": 2.3559291575663788, "retry_count": 1}', '813e771a-86e8-4817-a74d-253e3accae94', '192.168.173.41', '2025-08-25T03:33:41.346923');
INSERT INTO submission_logs (id, submission_id, action, status, message, details, user_id, ip_address, created_at) VALUES ('164358b8-f751-4fb7-a0dd-92076ddf8992', 'fabfce73-5ec2-4ed6-9f05-ff7cdb08ec64', 'created', 'success', 'Export generated', '{"processing_time": 4.333394866292781, "retry_count": 1}', '1921f774-d58d-4680-a98a-1c3532db6956', '192.168.237.56', '2025-08-31T20:33:41.346923');
INSERT INTO submission_logs (id, submission_id, action, status, message, details, user_id, ip_address, created_at) VALUES ('d90b0034-1fbf-484c-b68d-60ef38ae3fb2', '6e83e8ac-41ce-42f2-b0b6-64e320a9f52e', 'processed', 'success', 'Export generated', '{"processing_time": 4.675840071260408, "retry_count": 2}', '1921f774-d58d-4680-a98a-1c3532db6956', '192.168.123.174', '2025-08-13T23:33:41.346923');
INSERT INTO submission_logs (id, submission_id, action, status, message, details, user_id, ip_address, created_at) VALUES ('bf3054cb-1b19-4270-b0f5-e2be440a220d', '02266e88-8519-4d4f-94d1-8ba28c3e9ec3', 'emailed', 'failure', 'Processing completed', '{"processing_time": 4.306647458710315, "retry_count": 2}', '1921f774-d58d-4680-a98a-1c3532db6956', '192.168.171.29', '2025-08-22T04:33:41.346923');
INSERT INTO submission_logs (id, submission_id, action, status, message, details, ip_address, created_at) VALUES ('2576285e-4286-4298-8ceb-de0b9953165e', 'f9dbf4fb-a434-499c-a76a-b63bec49857f', 'processed', 'failure', 'Submission received successfully', '{"processing_time": 2.081045096300692, "retry_count": 1}', '192.168.10.249', '2025-08-07T11:33:41.346923');
INSERT INTO submission_logs (id, submission_id, action, status, message, details, user_id, ip_address, created_at) VALUES ('5498aae2-96e7-48ad-ab07-be4ac383ba76', 'c152e0d9-d4d0-497e-b1a6-9eed5189ecaf', 'marked_as_spam', 'pending', 'Export generated', '{"processing_time": 0.6437038358637377, "retry_count": 3}', 'ad2b2bec-0214-4b0a-87f8-dd37a002e46e', '192.168.19.129', '2025-08-12T12:33:41.346923');
INSERT INTO submission_logs (id, submission_id, action, status, message, details, ip_address, created_at) VALUES ('4821097f-d225-4527-96cb-b16ad29cbc6c', '8ce3c817-a909-4097-ab23-15aa514c640b', 'created', 'success', 'Marked as spam by filter', '{"processing_time": 4.345145214543603, "retry_count": 2}', '192.168.90.126', '2025-08-20T00:33:41.346923');
INSERT INTO submission_logs (id, submission_id, action, status, message, details, user_id, ip_address, created_at) VALUES ('41605941-b599-41d0-9315-336e2a3fe35e', '31625ba8-0875-462e-a42b-8209851012eb', 'processed', 'failure', 'Email notification sent', '{"processing_time": 2.8695803752843183, "retry_count": 3}', '1921f774-d58d-4680-a98a-1c3532db6956', '192.168.30.66', '2025-09-02T07:33:41.346923');
INSERT INTO submission_logs (id, submission_id, action, status, message, details, user_id, ip_address, created_at) VALUES ('883ae649-6a1a-4c8e-9c56-d2de9c23fce0', 'dd861cf0-a6d3-4be7-a24a-998148a86b1f', 'marked_as_spam', 'success', 'Processing completed', '{"processing_time": 2.098606933405123, "retry_count": 2}', 'ad2b2bec-0214-4b0a-87f8-dd37a002e46e', '192.168.200.179', '2025-08-26T20:33:41.346923');
INSERT INTO submission_logs (id, submission_id, action, status, message, details, user_id, ip_address, created_at) VALUES ('ffe79d12-0efd-4a99-ae0c-a585c20c2a1f', '127a802a-f3b7-4f96-8914-bf57945c3e9c', 'processed', 'failure', 'Processing completed', '{"processing_time": 4.951040890192329, "retry_count": 3}', '1921f774-d58d-4680-a98a-1c3532db6956', '192.168.219.121', '2025-08-29T13:33:41.346923');
INSERT INTO submission_logs (id, submission_id, action, status, message, details, ip_address, created_at) VALUES ('ea638a30-e701-48e0-a9ff-4d7deb6d3ece', '8a977a1a-537a-40ab-9008-caebd1ad22bb', 'marked_as_spam', 'failure', 'Marked as spam by filter', '{"processing_time": 0.6223307470788625, "retry_count": 2}', '192.168.137.96', '2025-08-17T12:33:41.346923');
INSERT INTO submission_logs (id, submission_id, action, status, message, details, ip_address, created_at) VALUES ('2eca0415-793d-4537-994b-6c238a5f6ea3', '3f7cc5d4-5763-44b7-9f8e-a077b5ada9c4', 'marked_as_spam', 'pending', 'Marked as spam by filter', '{"processing_time": 1.3187903131719012, "retry_count": 1}', '192.168.182.52', '2025-08-14T23:33:41.346923');
INSERT INTO submission_logs (id, submission_id, action, status, message, details, ip_address, created_at) VALUES ('1eac046f-30d4-4555-b4ec-c8faddae86e3', '579c6fb2-1dc4-4f48-ac7a-873f441b0538', 'exported', 'pending', 'Processing completed', '{"processing_time": 2.813659442014479, "retry_count": 0}', '192.168.50.190', '2025-08-26T09:33:41.346923');
INSERT INTO submission_logs (id, submission_id, action, status, message, details, user_id, ip_address, created_at) VALUES ('6f78bbd0-9c8f-44c0-b28d-632308744ebf', '859dd064-fd7c-4856-9941-653658596112', 'created', 'success', 'Export generated', '{"processing_time": 2.980326615107659, "retry_count": 1}', '813e771a-86e8-4817-a74d-253e3accae94', '192.168.198.233', '2025-08-30T01:33:41.346923');
INSERT INTO submission_logs (id, submission_id, action, status, message, details, ip_address, created_at) VALUES ('65835f49-a2e3-4bd8-aaae-3606984eb832', '7fbb3c18-1e2c-4352-a47e-0d0808085407', 'exported', 'failure', 'Submission received successfully', '{"processing_time": 4.537165771642254, "retry_count": 0}', '192.168.225.107', '2025-08-14T08:33:41.346923');
INSERT INTO submission_logs (id, submission_id, action, status, message, details, user_id, ip_address, created_at) VALUES ('87bc31c0-d5c0-4b63-86d9-e05706073e7a', '4d0186d4-9b58-4478-8a99-e9e8a070f613', 'processed', 'pending', 'Email notification sent', '{"processing_time": 1.322972883170172, "retry_count": 2}', '1921f774-d58d-4680-a98a-1c3532db6956', '192.168.201.232', '2025-08-21T12:33:41.346923');
INSERT INTO submission_logs (id, submission_id, action, status, message, details, user_id, ip_address, created_at) VALUES ('841702aa-40a3-41e1-85d3-61135963010e', 'f42f8684-57dc-4155-bed4-46e439581c75', 'marked_as_spam', 'pending', 'Processing completed', '{"processing_time": 0.41152992459794724, "retry_count": 1}', 'ad2b2bec-0214-4b0a-87f8-dd37a002e46e', '192.168.105.78', '2025-08-20T22:33:41.346923');
INSERT INTO submission_logs (id, submission_id, action, status, message, details, user_id, ip_address, created_at) VALUES ('61f247a9-5b88-4fed-8265-e65f9d8ae92f', '0d1f221b-039d-489b-8ff5-94c3f0b0ef39', 'emailed', 'pending', 'Marked as spam by filter', '{"processing_time": 0.5055051055356001, "retry_count": 3}', '1921f774-d58d-4680-a98a-1c3532db6956', '192.168.220.225', '2025-08-22T05:33:41.346923');
INSERT INTO submission_logs (id, submission_id, action, status, message, details, ip_address, created_at) VALUES ('9ad578fc-eb12-48bb-b3d5-61ad0c628c6d', '6a9bb15a-746d-43cc-91e3-e52ec22daf56', 'processed', 'pending', 'Processing completed', '{"processing_time": 0.19875524938239764, "retry_count": 0}', '192.168.193.211', '2025-08-18T12:33:41.346923');
INSERT INTO submission_logs (id, submission_id, action, status, message, details, ip_address, created_at) VALUES ('2ac4b13b-753e-443f-bc2f-11114a3be69f', '395b9aab-a5fa-4195-9df5-9fcb0968ba29', 'processed', 'pending', 'Marked as spam by filter', '{"processing_time": 1.7794720805408184, "retry_count": 3}', '192.168.152.108', '2025-08-19T18:33:41.346923');
INSERT INTO submission_logs (id, submission_id, action, status, message, details, user_id, ip_address, created_at) VALUES ('36b704bd-fa57-436c-a805-44971e264229', '0ce61449-826b-43df-9ce2-fa3eaa9fc3df', 'exported', 'pending', 'Export generated', '{"processing_time": 3.247480260526877, "retry_count": 1}', '1921f774-d58d-4680-a98a-1c3532db6956', '192.168.224.24', '2025-08-27T08:33:41.346923');
INSERT INTO submission_logs (id, submission_id, action, status, message, details, ip_address, created_at) VALUES ('d64c5911-aedc-4829-ab59-2a9d95891348', '2d91b07c-ef50-4723-9050-5eee6cd38a84', 'exported', 'success', 'Export generated', '{"processing_time": 1.404281399713005, "retry_count": 0}', '192.168.223.122', '2025-08-07T03:33:41.346923');
INSERT INTO submission_logs (id, submission_id, action, status, message, details, ip_address, created_at) VALUES ('f5ca08ee-64be-4fa8-bee4-fd9953c280ef', '0d194046-7f5a-41e4-a61c-5cd625c1d01e', 'created', 'failure', 'Processing completed', '{"processing_time": 2.2114224215860525, "retry_count": 0}', '192.168.61.172', '2025-08-23T14:33:41.346923');
INSERT INTO submission_logs (id, submission_id, action, status, message, details, user_id, ip_address, created_at) VALUES ('0c542772-eeba-4867-8340-f6a36ff4a50c', 'dfa8aa0f-3904-4573-81ca-2597d2e82a8d', 'processed', 'success', 'Marked as spam by filter', '{"processing_time": 4.860435524598619, "retry_count": 2}', '813e771a-86e8-4817-a74d-253e3accae94', '192.168.49.197', '2025-08-16T21:33:41.346923');
INSERT INTO submission_logs (id, submission_id, action, status, message, details, user_id, ip_address, created_at) VALUES ('82874873-a27c-48ee-9879-9409532cc2de', '4d864765-b4d9-4dad-8015-5b1111f98770', 'exported', 'pending', 'Email notification sent', '{"processing_time": 4.7757235733081345, "retry_count": 0}', '813e771a-86e8-4817-a74d-253e3accae94', '192.168.119.225', '2025-08-23T14:33:41.346923');
INSERT INTO submission_logs (id, submission_id, action, status, message, details, ip_address, created_at) VALUES ('04d6f50f-9b6d-4c59-bcaa-69018e115835', 'b809635e-56c5-4166-bfe4-3f18aba3b44c', 'created', 'pending', 'Export generated', '{"processing_time": 1.3466652093407974, "retry_count": 3}', '192.168.54.198', '2025-08-17T19:33:41.346923');
INSERT INTO submission_logs (id, submission_id, action, status, message, details, user_id, ip_address, created_at) VALUES ('978d20ed-4dfa-4064-8dc2-fa6a1e2b2aaf', '3c23b60b-3770-4d9f-879d-79b37c877f1d', 'marked_as_spam', 'success', 'Email notification sent', '{"processing_time": 4.983027991416692, "retry_count": 1}', '1921f774-d58d-4680-a98a-1c3532db6956', '192.168.217.135', '2025-08-23T12:33:41.346923');
INSERT INTO submission_logs (id, submission_id, action, status, message, details, ip_address, created_at) VALUES ('6f3b1fde-5675-4aca-ac6c-f31dd36c274f', '2d51650b-ec96-4f8d-a292-059c7588e105', 'exported', 'success', 'Submission received successfully', '{"processing_time": 4.279621223168182, "retry_count": 0}', '192.168.226.241', '2025-08-19T04:33:41.346923');
INSERT INTO submission_logs (id, submission_id, action, status, message, details, user_id, ip_address, created_at) VALUES ('f2f2e926-4874-4885-8527-3833143c483b', '09cd4208-cf83-47ee-8070-cee1d2c75ff7', 'exported', 'success', 'Marked as spam by filter', '{"processing_time": 3.324362543999483, "retry_count": 3}', '1921f774-d58d-4680-a98a-1c3532db6956', '192.168.134.211', '2025-09-03T01:33:41.346923');
INSERT INTO submission_logs (id, submission_id, action, status, message, details, user_id, ip_address, created_at) VALUES ('598167db-2339-4e88-8deb-f4f5a0eb27b7', 'e4fe26f9-c4f1-48b2-b3a4-b0e219744203', 'exported', 'failure', 'Processing completed', '{"processing_time": 3.2218279086531094, "retry_count": 2}', '813e771a-86e8-4817-a74d-253e3accae94', '192.168.172.11', '2025-08-30T08:33:41.346923');

-- LOGS TABLE DATA
----------------------------------------
INSERT INTO logs (id, user_id, level, message, context, ip_address, user_agent, created_at, metadata) VALUES ('a69a67a3-03f2-4927-b271-d8e9da468ddd', '90ac32b7-0f0b-4b7c-87e5-dfb95aed7bfd', 'INFO', 'File uploaded', '{"module": "auth", "action": "read", "details": "Additional details 0"}', '222.85.62.122', 'Python/TestDataGenerator', '2025-08-30T06:33:41.347427', '{"request_id": "0cd8d7cd-af7c-4179-9f77-eb9946b00735"}');
INSERT INTO logs (id, level, message, context, ip_address, user_agent, created_at, metadata) VALUES ('4cc26049-afe9-4cf4-884a-81e57e36d724', 'ERROR', 'API call made', '{"module": "submission", "action": "update", "details": "Additional details 1"}', '87.186.68.74', 'Python/TestDataGenerator', '2025-08-30T10:33:41.347427', '{"request_id": "75a53bf0-9474-45ca-aa19-041f1ce17e71"}');
INSERT INTO logs (id, level, message, context, ip_address, user_agent, created_at, metadata) VALUES ('f3e3aec7-3521-4610-a80d-1cd40d966e1d', 'WARNING', 'Settings updated', '{"module": "submission", "action": "update", "details": "Additional details 2"}', '35.242.31.234', 'Python/TestDataGenerator', '2025-09-01T10:33:41.347427', '{"request_id": "40afe91d-906f-4256-804f-60852c241b68"}');
INSERT INTO logs (id, user_id, level, message, context, ip_address, user_agent, created_at, metadata) VALUES ('24f108d6-4548-4ae7-8393-7e5beaa8a604', 'ad2b2bec-0214-4b0a-87f8-dd37a002e46e', 'DEBUG', 'Password changed', '{"module": "auth", "action": "create", "details": "Additional details 3"}', '128.156.217.111', 'Python/TestDataGenerator', '2025-09-03T06:33:41.347556', '{"request_id": "f4ed3acd-c9ca-4049-a3f7-a3de9196773b"}');
INSERT INTO logs (id, user_id, level, message, context, ip_address, user_agent, created_at, metadata) VALUES ('d5f3e688-6c10-4a81-b45a-d608fc1fe744', 'f321813a-40bb-46be-8db0-ab9a9b929ac7', 'DEBUG', 'File uploaded', '{"module": "campaign", "action": "update", "details": "Additional details 4"}', '73.58.195.28', 'Python/TestDataGenerator', '2025-08-28T19:33:41.347556', '{"request_id": "d4b4cff1-8387-459b-84e2-5c7201670fcf"}');
INSERT INTO logs (id, level, message, context, ip_address, user_agent, created_at, metadata) VALUES ('bb8204a4-71b9-4bbc-bdeb-d5e5da5d88ac', 'ERROR', 'File uploaded', '{"module": "system", "action": "delete", "details": "Additional details 5"}', '97.168.231.182', 'Python/TestDataGenerator', '2025-09-03T04:33:41.347556', '{"request_id": "c3a260be-d334-4eb7-beb5-ef35b6ddb645"}');
INSERT INTO logs (id, user_id, level, message, context, ip_address, user_agent, created_at, metadata) VALUES ('9142f68f-bf2d-4bed-825a-fbcfbc0b3df5', 'ad2b2bec-0214-4b0a-87f8-dd37a002e46e', 'WARNING', 'User login successful', '{"module": "auth", "action": "read", "details": "Additional details 6"}', '81.40.234.87', 'Python/TestDataGenerator', '2025-08-28T23:33:41.347556', '{"request_id": "693b3723-4745-4504-a3d3-e0921f7c37ca"}');
INSERT INTO logs (id, user_id, level, message, context, ip_address, user_agent, created_at, metadata) VALUES ('528e2911-78ed-4c44-9924-758e47b08967', 'f321813a-40bb-46be-8db0-ab9a9b929ac7', 'ERROR', 'File uploaded', '{"module": "campaign", "action": "create", "details": "Additional details 7"}', '240.164.152.28', 'Python/TestDataGenerator', '2025-09-01T13:33:41.347556', '{"request_id": "7ba318ae-f9d0-4b40-bd01-551c143fd72a"}');
INSERT INTO logs (id, user_id, level, message, context, ip_address, user_agent, created_at, metadata) VALUES ('6a4b4964-2ba7-436e-9ea4-fc9525f0d969', '5abfe0dd-7b5e-4916-88fc-8f0f1cb8ae79', 'WARNING', 'Settings updated', '{"module": "system", "action": "create", "details": "Additional details 8"}', '61.78.190.244', 'Python/TestDataGenerator', '2025-08-28T16:33:41.347556', '{"request_id": "5212a97e-871e-40b7-9de1-de948772ddbb"}');
INSERT INTO logs (id, level, message, context, ip_address, user_agent, created_at, metadata) VALUES ('d726e9de-8e22-4be3-b957-19e51f2279ad', 'DEBUG', 'API call made', '{"module": "auth", "action": "read", "details": "Additional details 9"}', '146.225.186.170', 'Python/TestDataGenerator', '2025-08-31T03:33:41.347556', '{"request_id": "5e21ae5f-c7e9-4f8f-b221-1503a9e85c29"}');
INSERT INTO logs (id, level, message, context, ip_address, user_agent, created_at, metadata) VALUES ('306d4b8d-bc0f-45b0-9376-cb35b8299157', 'INFO', 'Password changed', '{"module": "submission", "action": "read", "details": "Additional details 10"}', '3.6.228.121', 'Python/TestDataGenerator', '2025-08-30T10:33:41.347556', '{"request_id": "4fde4354-3601-4468-8a36-aeb69b438e7a"}');
INSERT INTO logs (id, level, message, context, ip_address, user_agent, created_at, metadata) VALUES ('54ee2acc-f18f-42ec-8292-6335ea5f14e7', 'ERROR', 'User login successful', '{"module": "api", "action": "create", "details": "Additional details 11"}', '171.40.75.64', 'Python/TestDataGenerator', '2025-08-30T14:33:41.347556', '{"request_id": "65c95e8a-95cf-4922-9dc1-276caadb700e"}');
INSERT INTO logs (id, user_id, level, message, context, ip_address, user_agent, created_at, metadata) VALUES ('f8c285b7-fa4c-4b94-b1fb-007f2d19ab74', '5abfe0dd-7b5e-4916-88fc-8f0f1cb8ae79', 'ERROR', 'File uploaded', '{"module": "auth", "action": "read", "details": "Additional details 12"}', '138.175.72.179', 'Python/TestDataGenerator', '2025-08-29T06:33:41.347556', '{"request_id": "e7cb843e-bd9e-41b1-9755-4af257f2a093"}');
INSERT INTO logs (id, user_id, level, message, context, ip_address, user_agent, created_at, metadata) VALUES ('9597e691-36ea-4985-93dd-5956b03a3621', '7387811f-52db-4fab-bdd5-02c9a648dc49', 'DEBUG', 'File uploaded', '{"module": "auth", "action": "update", "details": "Additional details 13"}', '226.210.214.202', 'Python/TestDataGenerator', '2025-08-31T10:33:41.347556', '{"request_id": "d3c1b261-361b-4523-b396-1fd00280746f"}');
INSERT INTO logs (id, user_id, level, message, context, ip_address, user_agent, created_at, metadata) VALUES ('c525c91e-2137-4653-86b3-28816f3639d7', '7387811f-52db-4fab-bdd5-02c9a648dc49', 'WARNING', 'User login successful', '{"module": "campaign", "action": "create", "details": "Additional details 14"}', '42.224.43.63', 'Python/TestDataGenerator', '2025-08-31T00:33:41.347556', '{"request_id": "32e3eea5-05ca-40da-a4db-2d5b37094a60"}');
INSERT INTO logs (id, user_id, level, message, context, ip_address, user_agent, created_at, metadata) VALUES ('25390ca7-9c52-4967-be30-e4a34dd05af1', 'ad2b2bec-0214-4b0a-87f8-dd37a002e46e', 'ERROR', 'API call made', '{"module": "campaign", "action": "create", "details": "Additional details 15"}', '160.122.214.90', 'Python/TestDataGenerator', '2025-08-28T12:33:41.347556', '{"request_id": "3c2640a5-aa17-41cb-8be6-c7747e108f45"}');
INSERT INTO logs (id, user_id, level, message, context, ip_address, user_agent, created_at, metadata) VALUES ('ccb511fc-6afc-4962-9d46-51b522606e7e', '7387811f-52db-4fab-bdd5-02c9a648dc49', 'INFO', 'Campaign started', '{"module": "submission", "action": "delete", "details": "Additional details 16"}', '85.127.113.191', 'Python/TestDataGenerator', '2025-09-03T16:33:41.347556', '{"request_id": "8e996b17-20a1-4738-8b4b-81c338c794ff"}');
INSERT INTO logs (id, user_id, level, message, context, ip_address, user_agent, created_at, metadata) VALUES ('8af2ce36-c71c-43ec-b242-5ae5256d364c', '5abfe0dd-7b5e-4916-88fc-8f0f1cb8ae79', 'INFO', 'Settings updated', '{"module": "api", "action": "create", "details": "Additional details 17"}', '230.13.24.11', 'Python/TestDataGenerator', '2025-08-30T21:33:41.347556', '{"request_id": "98a30eb0-0b53-4c8b-ab6b-f5db89adb34b"}');
INSERT INTO logs (id, user_id, level, message, context, ip_address, user_agent, created_at, metadata) VALUES ('1ee4fedd-5a47-4798-954a-47052ce972ff', '50e8c311-693e-40b9-94bb-d9fb0223c769', 'DEBUG', 'Password changed', '{"module": "api", "action": "delete", "details": "Additional details 18"}', '204.202.218.15', 'Python/TestDataGenerator', '2025-08-28T09:33:41.347556', '{"request_id": "b67e5066-4d18-452e-bd85-feb3aacabfdb"}');
INSERT INTO logs (id, level, message, context, ip_address, user_agent, created_at, metadata) VALUES ('25056026-de80-49b0-a6a2-11e3a881e28d', 'INFO', 'Failed login attempt', '{"module": "api", "action": "update", "details": "Additional details 19"}', '85.106.248.203', 'Python/TestDataGenerator', '2025-08-30T06:33:41.347556', '{"request_id": "8d2ffb56-4439-421e-a560-56516d7eb7bb"}');
INSERT INTO logs (id, level, message, context, ip_address, user_agent, created_at, metadata) VALUES ('be9e2020-2dce-410e-898a-632595d3ddfa', 'DEBUG', 'User login successful', '{"module": "submission", "action": "create", "details": "Additional details 20"}', '235.74.184.167', 'Python/TestDataGenerator', '2025-08-28T21:33:41.347556', '{"request_id": "44d1e456-ecb8-47c8-b84a-07d49026809a"}');
INSERT INTO logs (id, level, message, context, ip_address, user_agent, created_at, metadata) VALUES ('b7e3cd2f-ec0a-4cc3-bbf1-f17942c25698', 'ERROR', 'Failed login attempt', '{"module": "campaign", "action": "delete", "details": "Additional details 21"}', '147.12.239.145', 'Python/TestDataGenerator', '2025-08-29T11:33:41.347556', '{"request_id": "f488a7f1-fe04-44a3-a360-f7c1567139de"}');
INSERT INTO logs (id, user_id, level, message, context, ip_address, user_agent, created_at, metadata) VALUES ('db821903-3f49-4f18-a43e-400f9af3151a', 'd7f2a872-a93a-4347-ab06-54b1d2007725', 'ERROR', 'File uploaded', '{"module": "submission", "action": "update", "details": "Additional details 22"}', '153.178.164.54', 'Python/TestDataGenerator', '2025-08-30T10:33:41.347556', '{"request_id": "9d768dba-9d01-4b2e-bda0-2026bf29d65a"}');
INSERT INTO logs (id, user_id, level, message, context, ip_address, user_agent, created_at, metadata) VALUES ('0a1df1e1-71f5-47fa-841d-5b09790767ef', '813e771a-86e8-4817-a74d-253e3accae94', 'DEBUG', 'Database backup completed', '{"module": "campaign", "action": "update", "details": "Additional details 23"}', '2.199.79.48', 'Python/TestDataGenerator', '2025-09-01T17:33:41.347556', '{"request_id": "f8632b59-fb78-4b38-bf03-d6d14931eaa8"}');
INSERT INTO logs (id, user_id, level, message, context, ip_address, user_agent, created_at, metadata) VALUES ('d4e15ab8-62c8-4060-8b6b-fe7b091441c0', '90ac32b7-0f0b-4b7c-87e5-dfb95aed7bfd', 'DEBUG', 'File uploaded', '{"module": "api", "action": "read", "details": "Additional details 24"}', '44.176.46.210', 'Python/TestDataGenerator', '2025-08-29T05:33:41.347556', '{"request_id": "2cf74953-f5eb-40b6-bc88-42cb353e51ec"}');
INSERT INTO logs (id, user_id, level, message, context, ip_address, user_agent, created_at, metadata) VALUES ('450538a0-f97a-4c7c-8470-b29c737b68a4', '7387811f-52db-4fab-bdd5-02c9a648dc49', 'ERROR', 'File uploaded', '{"module": "campaign", "action": "read", "details": "Additional details 25"}', '225.217.107.49', 'Python/TestDataGenerator', '2025-09-03T14:33:41.347556', '{"request_id": "895d0526-69c5-49ca-a074-eb69c6af3c68"}');
INSERT INTO logs (id, user_id, level, message, context, ip_address, user_agent, created_at, metadata) VALUES ('9645b25b-30ee-4f7b-8bae-6316c0c8a8f1', '1921f774-d58d-4680-a98a-1c3532db6956', 'ERROR', 'Email sent', '{"module": "campaign", "action": "delete", "details": "Additional details 26"}', '232.126.50.122', 'Python/TestDataGenerator', '2025-08-31T16:33:41.347556', '{"request_id": "76e87c17-c31b-4513-9b4e-19f56e8630e9"}');
INSERT INTO logs (id, level, message, context, ip_address, user_agent, created_at, metadata) VALUES ('2a8f9f94-97ee-441f-8280-0a470f2b3648', 'WARNING', 'API call made', '{"module": "system", "action": "read", "details": "Additional details 27"}', '222.40.143.249', 'Python/TestDataGenerator', '2025-09-02T05:33:41.347556', '{"request_id": "086a1fd2-8673-4209-baa6-db0e630c4299"}');
INSERT INTO logs (id, user_id, level, message, context, ip_address, user_agent, created_at, metadata) VALUES ('eee383b5-dc9e-4be2-8e2c-417864fa27ba', 'd7f2a872-a93a-4347-ab06-54b1d2007725', 'ERROR', 'File uploaded', '{"module": "api", "action": "delete", "details": "Additional details 28"}', '27.47.95.231', 'Python/TestDataGenerator', '2025-08-29T13:33:41.347556', '{"request_id": "db2ba4fa-8a4c-4e1c-90bb-bd2484096ba8"}');
INSERT INTO logs (id, user_id, level, message, context, ip_address, user_agent, created_at, metadata) VALUES ('a3763ca9-b4cf-49cd-95cf-349d5ce42c31', '1921f774-d58d-4680-a98a-1c3532db6956', 'DEBUG', 'Email sent', '{"module": "campaign", "action": "read", "details": "Additional details 29"}', '21.236.223.38', 'Python/TestDataGenerator', '2025-09-01T16:33:41.347556', '{"request_id": "c2add509-39b6-4e11-b3c3-5f08dd1dcc4f"}');
INSERT INTO logs (id, level, message, context, ip_address, user_agent, created_at, metadata) VALUES ('bb875a38-43ac-4132-b088-fd9361ec302e', 'WARNING', 'Password changed', '{"module": "system", "action": "update", "details": "Additional details 30"}', '235.2.175.173', 'Python/TestDataGenerator', '2025-09-01T00:33:41.347556', '{"request_id": "985daebf-6aca-4c47-aa6e-c68efa243148"}');
INSERT INTO logs (id, user_id, level, message, context, ip_address, user_agent, created_at, metadata) VALUES ('ae941980-5dc9-4ec8-85be-50974834e205', 'f58dbd2c-b3ff-4ef4-abe5-38e20359395b', 'INFO', 'Campaign started', '{"module": "auth", "action": "delete", "details": "Additional details 31"}', '138.251.170.31', 'Python/TestDataGenerator', '2025-09-01T23:33:41.347556', '{"request_id": "9eae35f3-9ad4-4572-9f34-63826485e764"}');
INSERT INTO logs (id, level, message, context, ip_address, user_agent, created_at, metadata) VALUES ('d5871c1f-991e-40b8-bd55-abf5099c1753', 'DEBUG', 'User login successful', '{"module": "auth", "action": "delete", "details": "Additional details 32"}', '101.204.215.154', 'Python/TestDataGenerator', '2025-08-31T15:33:41.347556', '{"request_id": "ee0432bd-532a-4e7c-9237-3d95f48742aa"}');
INSERT INTO logs (id, user_id, level, message, context, ip_address, user_agent, created_at, metadata) VALUES ('d2ff89bc-ba92-4d46-8090-26b312286e76', '5abfe0dd-7b5e-4916-88fc-8f0f1cb8ae79', 'DEBUG', 'API call made', '{"module": "submission", "action": "delete", "details": "Additional details 33"}', '66.178.51.37', 'Python/TestDataGenerator', '2025-08-30T02:33:41.347556', '{"request_id": "89df336f-1460-484b-8066-0e050b805a0d"}');
INSERT INTO logs (id, level, message, context, ip_address, user_agent, created_at, metadata) VALUES ('4ba886e5-8028-4ac6-919e-d9ced609f2ce', 'INFO', 'Database backup completed', '{"module": "system", "action": "create", "details": "Additional details 34"}', '145.239.54.141', 'Python/TestDataGenerator', '2025-09-03T06:33:41.347556', '{"request_id": "d403f04b-78d7-425d-ad65-35b1f03cfab3"}');
INSERT INTO logs (id, user_id, level, message, context, ip_address, user_agent, created_at, metadata) VALUES ('49b8158c-f763-45cf-94ea-70f3bf6cc070', '813e771a-86e8-4817-a74d-253e3accae94', 'ERROR', 'API call made', '{"module": "system", "action": "read", "details": "Additional details 35"}', '111.126.58.22', 'Python/TestDataGenerator', '2025-09-03T08:33:41.347556', '{"request_id": "334b29a9-57e4-4f8e-b058-8dbeb0a804dd"}');
INSERT INTO logs (id, level, message, context, ip_address, user_agent, created_at, metadata) VALUES ('77794341-2d12-4e67-ad48-ffd878e37d4a', 'INFO', 'Password changed', '{"module": "submission", "action": "delete", "details": "Additional details 36"}', '180.18.17.117', 'Python/TestDataGenerator', '2025-08-31T10:33:41.347556', '{"request_id": "a39970c5-6e3e-4713-8db8-71afbc44759d"}');
INSERT INTO logs (id, user_id, level, message, context, ip_address, user_agent, created_at, metadata) VALUES ('bda0ca3e-2833-44c3-987e-0f9816134090', '90ac32b7-0f0b-4b7c-87e5-dfb95aed7bfd', 'INFO', 'Password changed', '{"module": "auth", "action": "create", "details": "Additional details 37"}', '52.38.237.202', 'Python/TestDataGenerator', '2025-09-01T05:33:41.347556', '{"request_id": "84ac36d9-059c-41f9-a863-f5960aab7420"}');
INSERT INTO logs (id, user_id, level, message, context, ip_address, user_agent, created_at, metadata) VALUES ('8e3f07bd-c1b3-46e9-84bc-72aaddb221b1', 'f58dbd2c-b3ff-4ef4-abe5-38e20359395b', 'DEBUG', 'File uploaded', '{"module": "campaign", "action": "read", "details": "Additional details 38"}', '191.125.58.184', 'Python/TestDataGenerator', '2025-08-31T17:33:41.347556', '{"request_id": "da04df9d-1865-4746-931a-294d514b2efe"}');
INSERT INTO logs (id, level, message, context, ip_address, user_agent, created_at, metadata) VALUES ('08e9387e-1847-4949-b930-891ef3c2937c', 'WARNING', 'Database backup completed', '{"module": "submission", "action": "create", "details": "Additional details 39"}', '250.167.132.138', 'Python/TestDataGenerator', '2025-09-01T16:33:41.347556', '{"request_id": "8c7f1653-3143-407e-bfde-10eba1054a7a"}');
INSERT INTO logs (id, level, message, context, ip_address, user_agent, created_at, metadata) VALUES ('2cbb8fa6-7f9c-458a-831a-9ebdc37bf484', 'WARNING', 'Database backup completed', '{"module": "campaign", "action": "create", "details": "Additional details 40"}', '236.191.102.76', 'Python/TestDataGenerator', '2025-08-30T02:33:41.347556', '{"request_id": "a610cc61-d1a5-4c9c-9527-b34332b721bf"}');
INSERT INTO logs (id, user_id, level, message, context, ip_address, user_agent, created_at, metadata) VALUES ('2ac68192-8b2d-49ef-bd60-f5a707980f08', '50e8c311-693e-40b9-94bb-d9fb0223c769', 'DEBUG', 'User login successful', '{"module": "submission", "action": "update", "details": "Additional details 41"}', '254.120.192.135', 'Python/TestDataGenerator', '2025-09-01T23:33:41.347556', '{"request_id": "44af5b93-2a54-4d83-83ea-fc942c4d003c"}');
INSERT INTO logs (id, user_id, level, message, context, ip_address, user_agent, created_at, metadata) VALUES ('30458bb7-e7e3-44af-b607-024e882f0a65', '813e771a-86e8-4817-a74d-253e3accae94', 'DEBUG', 'Settings updated', '{"module": "submission", "action": "read", "details": "Additional details 42"}', '56.20.119.63', 'Python/TestDataGenerator', '2025-08-31T16:33:41.347556', '{"request_id": "7a8ce57e-592e-4e37-a73c-4cb2eeaeb325"}');
INSERT INTO logs (id, level, message, context, ip_address, user_agent, created_at, metadata) VALUES ('311f15e1-c240-4882-93c2-b86cd6313a67', 'ERROR', 'Settings updated', '{"module": "api", "action": "delete", "details": "Additional details 43"}', '97.167.146.145', 'Python/TestDataGenerator', '2025-08-28T16:33:41.347556', '{"request_id": "99dbc2a5-fd79-4144-a4bc-fdf08a5ddade"}');
INSERT INTO logs (id, level, message, context, ip_address, user_agent, created_at, metadata) VALUES ('c7a3d5c4-b4ee-4c35-9566-5a1cfb535fb4', 'ERROR', 'User login successful', '{"module": "campaign", "action": "read", "details": "Additional details 44"}', '116.66.120.207', 'Python/TestDataGenerator', '2025-09-02T16:33:41.347556', '{"request_id": "e7ea2e9e-427f-46cc-a20f-919b6df6fa7a"}');
INSERT INTO logs (id, level, message, context, ip_address, user_agent, created_at, metadata) VALUES ('15ce7b53-cbb2-45f9-9d26-c875bc1a6070', 'INFO', 'Password changed', '{"module": "auth", "action": "delete", "details": "Additional details 45"}', '84.182.178.86', 'Python/TestDataGenerator', '2025-09-01T06:33:41.347556', '{"request_id": "916d0c4c-f61f-4405-8718-922647851330"}');
INSERT INTO logs (id, user_id, level, message, context, ip_address, user_agent, created_at, metadata) VALUES ('61a476d4-6941-43de-ad12-b9813b69ecba', '7387811f-52db-4fab-bdd5-02c9a648dc49', 'ERROR', 'Failed login attempt', '{"module": "campaign", "action": "delete", "details": "Additional details 46"}', '83.67.53.188', 'Python/TestDataGenerator', '2025-09-01T10:33:41.348062', '{"request_id": "8b27725f-eec7-4e1c-9e4c-e1da7086a656"}');
INSERT INTO logs (id, user_id, level, message, context, ip_address, user_agent, created_at, metadata) VALUES ('f2d20241-cdc1-4981-bdef-b081d26485d5', '813e771a-86e8-4817-a74d-253e3accae94', 'DEBUG', 'Email sent', '{"module": "system", "action": "create", "details": "Additional details 47"}', '223.13.215.131', 'Python/TestDataGenerator', '2025-08-31T15:33:41.348062', '{"request_id": "73367331-8c2d-4667-96bc-427dd1ef9c18"}');
INSERT INTO logs (id, user_id, level, message, context, ip_address, user_agent, created_at, metadata) VALUES ('84a60a57-a60a-491c-93a7-77126c5fa5b2', '813e771a-86e8-4817-a74d-253e3accae94', 'WARNING', 'File uploaded', '{"module": "campaign", "action": "delete", "details": "Additional details 48"}', '236.116.24.61', 'Python/TestDataGenerator', '2025-09-02T13:33:41.348062', '{"request_id": "3d38fba6-7f5f-45d9-8939-32ea4f685234"}');
INSERT INTO logs (id, user_id, level, message, context, ip_address, user_agent, created_at, metadata) VALUES ('8cce8c1a-2eb2-4b4d-890e-54ec2e5aac28', 'f58dbd2c-b3ff-4ef4-abe5-38e20359395b', 'DEBUG', 'File uploaded', '{"module": "system", "action": "delete", "details": "Additional details 49"}', '91.213.18.204', 'Python/TestDataGenerator', '2025-08-29T04:33:41.348062', '{"request_id": "40814f67-f489-4574-b30c-14b17a0d5889"}');
INSERT INTO logs (id, level, message, context, ip_address, user_agent, created_at, metadata) VALUES ('98ee53d0-f0d5-4f2f-96d8-2b6bf3f875e2', 'WARNING', 'Campaign started', '{"module": "campaign", "action": "read", "details": "Additional details 50"}', '193.203.80.128', 'Python/TestDataGenerator', '2025-09-03T04:33:41.348062', '{"request_id": "8b376443-2796-4021-a926-1b5346e762cd"}');
INSERT INTO logs (id, user_id, level, message, context, ip_address, user_agent, created_at, metadata) VALUES ('60ed5f13-fdce-42d4-a3c6-eb0e798eda1f', '7387811f-52db-4fab-bdd5-02c9a648dc49', 'DEBUG', 'Email sent', '{"module": "auth", "action": "delete", "details": "Additional details 51"}', '103.161.46.107', 'Python/TestDataGenerator', '2025-08-29T17:33:41.348062', '{"request_id": "3e97bd48-03ee-4a45-9671-73a5ecc2f438"}');
INSERT INTO logs (id, user_id, level, message, context, ip_address, user_agent, created_at, metadata) VALUES ('a0b88c12-a032-4a29-844c-08050117f30d', '90ac32b7-0f0b-4b7c-87e5-dfb95aed7bfd', 'INFO', 'Database backup completed', '{"module": "campaign", "action": "create", "details": "Additional details 52"}', '57.242.92.83', 'Python/TestDataGenerator', '2025-08-31T20:33:41.348062', '{"request_id": "ade7ff51-04d9-4b33-8351-7fda79ff55be"}');
INSERT INTO logs (id, user_id, level, message, context, ip_address, user_agent, created_at, metadata) VALUES ('6c4d3570-cba2-45dd-bf3d-50d45823e676', '90ac32b7-0f0b-4b7c-87e5-dfb95aed7bfd', 'INFO', 'Failed login attempt', '{"module": "submission", "action": "update", "details": "Additional details 53"}', '84.195.27.129', 'Python/TestDataGenerator', '2025-08-30T22:33:41.348062', '{"request_id": "3ba1198a-b79a-43dd-a12d-1ea4b514db2b"}');
INSERT INTO logs (id, user_id, level, message, context, ip_address, user_agent, created_at, metadata) VALUES ('1d8c69dc-5711-4d5c-bb7c-8c58f9b88242', 'f321813a-40bb-46be-8db0-ab9a9b929ac7', 'ERROR', 'Email sent', '{"module": "system", "action": "create", "details": "Additional details 54"}', '221.172.11.132', 'Python/TestDataGenerator', '2025-08-30T13:33:41.348062', '{"request_id": "9fe2e948-02eb-43d3-87ed-9fdd25b42dd5"}');
INSERT INTO logs (id, user_id, level, message, context, ip_address, user_agent, created_at, metadata) VALUES ('06732a7f-7ad5-44d4-ac85-d4caa0ae4c38', '5abfe0dd-7b5e-4916-88fc-8f0f1cb8ae79', 'DEBUG', 'API call made', '{"module": "auth", "action": "delete", "details": "Additional details 55"}', '193.210.135.234', 'Python/TestDataGenerator', '2025-09-02T20:33:41.348062', '{"request_id": "0d138aee-8434-42c3-b4d6-392b5b15f5a9"}');
INSERT INTO logs (id, user_id, level, message, context, ip_address, user_agent, created_at, metadata) VALUES ('1fbfa707-078f-4dc8-b5d0-634de8d7f043', '50e8c311-693e-40b9-94bb-d9fb0223c769', 'ERROR', 'Settings updated', '{"module": "auth", "action": "update", "details": "Additional details 56"}', '62.159.224.125', 'Python/TestDataGenerator', '2025-08-28T13:33:41.348062', '{"request_id": "d10b6a1d-c65c-4b65-824a-fe33b31b9d75"}');
INSERT INTO logs (id, user_id, level, message, context, ip_address, user_agent, created_at, metadata) VALUES ('3e6f43ff-3906-449c-8f5b-6f47df90f837', '7387811f-52db-4fab-bdd5-02c9a648dc49', 'ERROR', 'Settings updated', '{"module": "system", "action": "delete", "details": "Additional details 57"}', '49.250.197.194', 'Python/TestDataGenerator', '2025-08-29T03:33:41.348171', '{"request_id": "f81ef821-f5bb-4492-9b08-f085e587ec42"}');
INSERT INTO logs (id, level, message, context, ip_address, user_agent, created_at, metadata) VALUES ('dc368f6b-8065-418e-b67e-9935ce1f2ec8', 'WARNING', 'Database backup completed', '{"module": "api", "action": "update", "details": "Additional details 58"}', '59.195.251.29', 'Python/TestDataGenerator', '2025-09-02T08:33:41.348171', '{"request_id": "c16e021d-7e48-4dc5-a148-728dfa83b44b"}');
INSERT INTO logs (id, user_id, level, message, context, ip_address, user_agent, created_at, metadata) VALUES ('516da4e4-261e-4339-9dd5-cac8ced97b0f', '50e8c311-693e-40b9-94bb-d9fb0223c769', 'DEBUG', 'User login successful', '{"module": "submission", "action": "update", "details": "Additional details 59"}', '84.241.227.68', 'Python/TestDataGenerator', '2025-08-27T20:33:41.348171', '{"request_id": "5aeb605a-1992-4263-b785-5e4b3c831ca3"}');
INSERT INTO logs (id, user_id, level, message, context, ip_address, user_agent, created_at, metadata) VALUES ('ceabebab-e3fc-43ca-b4af-8b55a97c9d91', '7387811f-52db-4fab-bdd5-02c9a648dc49', 'DEBUG', 'Campaign started', '{"module": "campaign", "action": "update", "details": "Additional details 60"}', '194.181.252.85', 'Python/TestDataGenerator', '2025-09-01T19:33:41.348171', '{"request_id": "c6b8db8d-10c0-4dce-aad1-4c8322572ccc"}');
INSERT INTO logs (id, user_id, level, message, context, ip_address, user_agent, created_at, metadata) VALUES ('fce62e93-a532-478f-8a84-e41d3eeaa8f6', 'f321813a-40bb-46be-8db0-ab9a9b929ac7', 'DEBUG', 'Failed login attempt', '{"module": "campaign", "action": "delete", "details": "Additional details 61"}', '136.249.200.3', 'Python/TestDataGenerator', '2025-08-27T23:33:41.348171', '{"request_id": "5aaab202-b392-4950-9213-72064f95c3aa"}');
INSERT INTO logs (id, user_id, level, message, context, ip_address, user_agent, created_at, metadata) VALUES ('3b9574a9-684a-4020-93e9-26c51c04b87c', '50e8c311-693e-40b9-94bb-d9fb0223c769', 'ERROR', 'Campaign started', '{"module": "api", "action": "update", "details": "Additional details 62"}', '140.63.237.26', 'Python/TestDataGenerator', '2025-09-01T14:33:41.348171', '{"request_id": "52accb65-dc1c-4704-9fc6-72d7b00a03a8"}');
INSERT INTO logs (id, user_id, level, message, context, ip_address, user_agent, created_at, metadata) VALUES ('5bc45b26-7993-479d-aca0-5ddd3bff3462', '1921f774-d58d-4680-a98a-1c3532db6956', 'DEBUG', 'Password changed', '{"module": "submission", "action": "update", "details": "Additional details 63"}', '59.15.124.202', 'Python/TestDataGenerator', '2025-08-31T00:33:41.348171', '{"request_id": "1f4620ed-c7e9-4330-929b-8f581ecbc28c"}');
INSERT INTO logs (id, user_id, level, message, context, ip_address, user_agent, created_at, metadata) VALUES ('da54a754-3bcf-4c8b-be98-4fd4098c9859', 'f321813a-40bb-46be-8db0-ab9a9b929ac7', 'INFO', 'Campaign started', '{"module": "api", "action": "read", "details": "Additional details 64"}', '3.103.31.225', 'Python/TestDataGenerator', '2025-08-28T22:33:41.348171', '{"request_id": "b8f2a277-0906-4980-9038-5c68026b46bb"}');
INSERT INTO logs (id, level, message, context, ip_address, user_agent, created_at, metadata) VALUES ('f40ddcfe-a56d-4723-8537-33f805e2e5cb', 'ERROR', 'File uploaded', '{"module": "submission", "action": "read", "details": "Additional details 65"}', '176.132.182.150', 'Python/TestDataGenerator', '2025-08-28T15:33:41.348171', '{"request_id": "b609bc17-706e-4c51-962c-4d2e24841b7e"}');
INSERT INTO logs (id, user_id, level, message, context, ip_address, user_agent, created_at, metadata) VALUES ('e4f7703c-5e62-4481-a9ba-a0d5bb0d8816', '5abfe0dd-7b5e-4916-88fc-8f0f1cb8ae79', 'WARNING', 'Password changed', '{"module": "auth", "action": "create", "details": "Additional details 66"}', '168.187.209.94', 'Python/TestDataGenerator', '2025-08-29T16:33:41.348171', '{"request_id": "390d7ed9-bc5d-404b-80d3-74e77971b7b6"}');
INSERT INTO logs (id, user_id, level, message, context, ip_address, user_agent, created_at, metadata) VALUES ('60e41adf-9916-4d8c-a97f-66ab0f7a5f98', '7387811f-52db-4fab-bdd5-02c9a648dc49', 'ERROR', 'User login successful', '{"module": "auth", "action": "delete", "details": "Additional details 67"}', '132.4.154.115', 'Python/TestDataGenerator', '2025-08-29T11:33:41.348171', '{"request_id": "fcf7c021-15eb-490d-b94b-e076b0ed5812"}');
INSERT INTO logs (id, user_id, level, message, context, ip_address, user_agent, created_at, metadata) VALUES ('cfe5ff06-36a5-4b80-ab3d-f6c1d8609f5e', 'f321813a-40bb-46be-8db0-ab9a9b929ac7', 'DEBUG', 'Password changed', '{"module": "system", "action": "update", "details": "Additional details 68"}', '234.121.55.10', 'Python/TestDataGenerator', '2025-08-30T13:33:41.348171', '{"request_id": "d2fae333-7e69-4a9f-a8d5-bbbca800a809"}');
INSERT INTO logs (id, user_id, level, message, context, ip_address, user_agent, created_at, metadata) VALUES ('947c74a4-7aaf-400e-8f07-fc659a682909', 'f58dbd2c-b3ff-4ef4-abe5-38e20359395b', 'INFO', 'File uploaded', '{"module": "submission", "action": "read", "details": "Additional details 69"}', '159.40.90.241', 'Python/TestDataGenerator', '2025-09-02T21:33:41.348171', '{"request_id": "cd9a19ae-6f38-4a69-8e8e-92322ebbcb97"}');
INSERT INTO logs (id, user_id, level, message, context, ip_address, user_agent, created_at, metadata) VALUES ('55561011-cb9f-4d50-9692-7461eb6f052d', 'f58dbd2c-b3ff-4ef4-abe5-38e20359395b', 'INFO', 'Password changed', '{"module": "system", "action": "create", "details": "Additional details 70"}', '92.158.62.15', 'Python/TestDataGenerator', '2025-09-02T15:33:41.348171', '{"request_id": "46ad76bf-2d1b-4082-b06b-eccecf7557c7"}');
INSERT INTO logs (id, user_id, level, message, context, ip_address, user_agent, created_at, metadata) VALUES ('3574fc0c-8e54-443e-b26d-3641e7b842d5', '90ac32b7-0f0b-4b7c-87e5-dfb95aed7bfd', 'INFO', 'Password changed', '{"module": "submission", "action": "read", "details": "Additional details 71"}', '110.173.178.114', 'Python/TestDataGenerator', '2025-09-03T07:33:41.348171', '{"request_id": "bf6b4380-79d3-4db2-a394-4a7c00e4f517"}');
INSERT INTO logs (id, user_id, level, message, context, ip_address, user_agent, created_at, metadata) VALUES ('b7a41d20-b16e-4f90-bcad-bb01908f9868', '7387811f-52db-4fab-bdd5-02c9a648dc49', 'WARNING', 'API call made', '{"module": "auth", "action": "create", "details": "Additional details 72"}', '222.149.63.84', 'Python/TestDataGenerator', '2025-09-03T04:33:41.348171', '{"request_id": "8bf5c2a5-d50c-419c-a6d1-19f6e7ebc611"}');
INSERT INTO logs (id, level, message, context, ip_address, user_agent, created_at, metadata) VALUES ('8fed79b7-8d70-461d-abce-3e01fc7539b1', 'INFO', 'Failed login attempt', '{"module": "submission", "action": "update", "details": "Additional details 73"}', '214.53.152.214', 'Python/TestDataGenerator', '2025-09-02T23:33:41.348171', '{"request_id": "e1a8f69a-fdea-44df-9d5b-280877be6d84"}');
INSERT INTO logs (id, level, message, context, ip_address, user_agent, created_at, metadata) VALUES ('0192c2ce-0c65-4d8d-901d-678038a2741d', 'DEBUG', 'File uploaded', '{"module": "api", "action": "delete", "details": "Additional details 74"}', '162.145.67.50', 'Python/TestDataGenerator', '2025-08-30T22:33:41.348171', '{"request_id": "5a30da98-07d1-4db2-9d68-3313aa0fdcfa"}');
INSERT INTO logs (id, user_id, level, message, context, ip_address, user_agent, created_at, metadata) VALUES ('dce1eff2-5e94-4a0e-91a8-ddf4bba42cf2', 'f58dbd2c-b3ff-4ef4-abe5-38e20359395b', 'INFO', 'Failed login attempt', '{"module": "auth", "action": "read", "details": "Additional details 75"}', '242.46.250.179', 'Python/TestDataGenerator', '2025-08-29T16:33:41.348171', '{"request_id": "d62ff793-a751-41a8-90f5-424399ce138d"}');
INSERT INTO logs (id, user_id, level, message, context, ip_address, user_agent, created_at, metadata) VALUES ('f51cc140-72a3-47af-bd53-8e0ebc1174ca', 'f58dbd2c-b3ff-4ef4-abe5-38e20359395b', 'ERROR', 'Settings updated', '{"module": "auth", "action": "create", "details": "Additional details 76"}', '53.29.96.222', 'Python/TestDataGenerator', '2025-08-28T08:33:41.348171', '{"request_id": "e38d9315-58e5-4028-977b-ae22bbd98c2f"}');
INSERT INTO logs (id, level, message, context, ip_address, user_agent, created_at, metadata) VALUES ('13827eb9-f30c-4feb-a3b0-98418e2ad38f', 'DEBUG', 'File uploaded', '{"module": "api", "action": "read", "details": "Additional details 77"}', '176.210.129.136', 'Python/TestDataGenerator', '2025-08-29T16:33:41.348171', '{"request_id": "0b869e8f-edef-45a3-b022-ec0f9dab98d8"}');
INSERT INTO logs (id, user_id, level, message, context, ip_address, user_agent, created_at, metadata) VALUES ('e8a051f1-5f24-4bd1-af37-92bae1e2fc52', 'f321813a-40bb-46be-8db0-ab9a9b929ac7', 'WARNING', 'Email sent', '{"module": "submission", "action": "update", "details": "Additional details 78"}', '63.225.6.168', 'Python/TestDataGenerator', '2025-09-01T06:33:41.348171', '{"request_id": "59641227-82b0-4595-8dcb-7daa6ed08ae1"}');
INSERT INTO logs (id, user_id, level, message, context, ip_address, user_agent, created_at, metadata) VALUES ('cb757f2f-3ddc-4ec3-bb90-a190b0e72384', '50e8c311-693e-40b9-94bb-d9fb0223c769', 'INFO', 'File uploaded', '{"module": "api", "action": "read", "details": "Additional details 79"}', '238.225.182.104', 'Python/TestDataGenerator', '2025-09-01T13:33:41.348171', '{"request_id": "77d96df6-6327-477e-ae4d-e6f8d700eb2f"}');
INSERT INTO logs (id, user_id, level, message, context, ip_address, user_agent, created_at, metadata) VALUES ('bbcc0b6e-d72e-4928-8b5f-c78a298f10bf', '50e8c311-693e-40b9-94bb-d9fb0223c769', 'DEBUG', 'Failed login attempt', '{"module": "system", "action": "create", "details": "Additional details 80"}', '113.77.161.40', 'Python/TestDataGenerator', '2025-09-02T23:33:41.348171', '{"request_id": "ede604df-fc7f-4eb3-960b-e5aaeb630b09"}');
INSERT INTO logs (id, level, message, context, ip_address, user_agent, created_at, metadata) VALUES ('1e4ebae8-3a1d-4483-b92a-6d454bed3e0a', 'DEBUG', 'Failed login attempt', '{"module": "system", "action": "update", "details": "Additional details 81"}', '9.128.42.199', 'Python/TestDataGenerator', '2025-09-01T01:33:41.348171', '{"request_id": "ba158198-8eef-40f3-aff7-664d5cc1398b"}');
INSERT INTO logs (id, level, message, context, ip_address, user_agent, created_at, metadata) VALUES ('cef99e6d-1e1b-4331-8bf9-5f73760830c6', 'INFO', 'Email sent', '{"module": "system", "action": "read", "details": "Additional details 82"}', '149.201.154.223', 'Python/TestDataGenerator', '2025-08-30T00:33:41.348171', '{"request_id": "f999481b-fbce-496a-87d7-1bfcb322879e"}');
INSERT INTO logs (id, level, message, context, ip_address, user_agent, created_at, metadata) VALUES ('3e53a902-f109-464d-9872-cccf6a8101e4', 'ERROR', 'User login successful', '{"module": "api", "action": "delete", "details": "Additional details 83"}', '193.171.251.148', 'Python/TestDataGenerator', '2025-09-01T19:33:41.348171', '{"request_id": "0792a7d4-5c70-4755-831c-55bd529f557d"}');
INSERT INTO logs (id, user_id, level, message, context, ip_address, user_agent, created_at, metadata) VALUES ('cbc80772-eb94-4192-ab91-527db67e7a78', '50e8c311-693e-40b9-94bb-d9fb0223c769', 'WARNING', 'User login successful', '{"module": "submission", "action": "delete", "details": "Additional details 84"}', '171.142.209.117', 'Python/TestDataGenerator', '2025-08-30T14:33:41.348171', '{"request_id": "4424aeb3-a07a-4a0a-ae86-2ec24cf64717"}');
INSERT INTO logs (id, user_id, level, message, context, ip_address, user_agent, created_at, metadata) VALUES ('a5af7241-70f7-48f4-85db-311359b63597', 'f58dbd2c-b3ff-4ef4-abe5-38e20359395b', 'WARNING', 'Database backup completed', '{"module": "system", "action": "create", "details": "Additional details 85"}', '54.156.59.67', 'Python/TestDataGenerator', '2025-09-02T07:33:41.348171', '{"request_id": "fdaee179-d051-4d46-8cf9-6484ef26e6f7"}');
INSERT INTO logs (id, level, message, context, ip_address, user_agent, created_at, metadata) VALUES ('6c670872-542d-40de-845a-04c6b4c550f3', 'INFO', 'Campaign started', '{"module": "campaign", "action": "read", "details": "Additional details 86"}', '72.60.190.227', 'Python/TestDataGenerator', '2025-09-02T18:33:41.348171', '{"request_id": "ff058a38-dee0-4546-bd40-c7609f371a13"}');
INSERT INTO logs (id, level, message, context, ip_address, user_agent, created_at, metadata) VALUES ('81e46cc0-0e82-4a09-b9a4-7c6d1f67cec7', 'ERROR', 'Settings updated', '{"module": "api", "action": "update", "details": "Additional details 87"}', '122.78.46.130', 'Python/TestDataGenerator', '2025-08-28T17:33:41.348171', '{"request_id": "c1d885bf-922a-461d-8935-99a2b0c61770"}');
INSERT INTO logs (id, level, message, context, ip_address, user_agent, created_at, metadata) VALUES ('77178c88-3462-414a-b372-cee26fb1b9d0', 'ERROR', 'User login successful', '{"module": "campaign", "action": "read", "details": "Additional details 88"}', '217.216.125.141', 'Python/TestDataGenerator', '2025-09-02T22:33:41.348171', '{"request_id": "0f0f9480-e546-4495-bfd3-a4b07aa12009"}');
INSERT INTO logs (id, level, message, context, ip_address, user_agent, created_at, metadata) VALUES ('0c1e3ab3-614b-4d9c-be1d-75aeda208695', 'WARNING', 'Failed login attempt', '{"module": "submission", "action": "update", "details": "Additional details 89"}', '206.93.133.135', 'Python/TestDataGenerator', '2025-09-03T07:33:41.348171', '{"request_id": "a62578e5-c8c4-4c65-965f-888247b3bf66"}');
INSERT INTO logs (id, user_id, level, message, context, ip_address, user_agent, created_at, metadata) VALUES ('6d01283b-2560-4cd0-96cc-c20c5cc94317', '5abfe0dd-7b5e-4916-88fc-8f0f1cb8ae79', 'WARNING', 'File uploaded', '{"module": "system", "action": "create", "details": "Additional details 90"}', '207.187.231.12', 'Python/TestDataGenerator', '2025-08-31T16:33:41.348171', '{"request_id": "a4f19620-ab1b-4b97-ada2-324461ed24cb"}');
INSERT INTO logs (id, level, message, context, ip_address, user_agent, created_at, metadata) VALUES ('6b3e7de9-56e4-47f7-845c-707733938ec7', 'ERROR', 'Database backup completed', '{"module": "api", "action": "read", "details": "Additional details 91"}', '214.137.77.208', 'Python/TestDataGenerator', '2025-08-28T18:33:41.348171', '{"request_id": "4e4555c5-03fd-4c55-8b26-81378b5eb376"}');
INSERT INTO logs (id, user_id, level, message, context, ip_address, user_agent, created_at, metadata) VALUES ('f37afbec-a9b7-43eb-bee1-445ed3e07298', '5abfe0dd-7b5e-4916-88fc-8f0f1cb8ae79', 'DEBUG', 'API call made', '{"module": "auth", "action": "delete", "details": "Additional details 92"}', '220.55.29.114', 'Python/TestDataGenerator', '2025-08-29T22:33:41.348171', '{"request_id": "bdaf784b-3a5c-4211-87a1-558e147e4c3d"}');
INSERT INTO logs (id, user_id, level, message, context, ip_address, user_agent, created_at, metadata) VALUES ('e92fb84c-b2ad-468e-b197-99ce5edaf172', 'd7f2a872-a93a-4347-ab06-54b1d2007725', 'DEBUG', 'User login successful', '{"module": "campaign", "action": "read", "details": "Additional details 93"}', '163.61.19.253', 'Python/TestDataGenerator', '2025-08-31T03:33:41.348171', '{"request_id": "93b3ea2a-9f26-461e-95f4-af9f7d404d6a"}');
INSERT INTO logs (id, user_id, level, message, context, ip_address, user_agent, created_at, metadata) VALUES ('51ea833c-4822-43be-ac57-ac059938806a', 'ad2b2bec-0214-4b0a-87f8-dd37a002e46e', 'WARNING', 'Email sent', '{"module": "api", "action": "create", "details": "Additional details 94"}', '24.6.15.221', 'Python/TestDataGenerator', '2025-08-30T17:33:41.348171', '{"request_id": "a9bc5057-73c6-433b-8005-f2502e0ef9b1"}');
INSERT INTO logs (id, user_id, level, message, context, ip_address, user_agent, created_at, metadata) VALUES ('91d93fc4-84f2-4be2-9b97-886423c37983', 'f58dbd2c-b3ff-4ef4-abe5-38e20359395b', 'INFO', 'Campaign started', '{"module": "campaign", "action": "create", "details": "Additional details 95"}', '22.8.87.139', 'Python/TestDataGenerator', '2025-08-30T05:33:41.348171', '{"request_id": "a5982cdb-0098-4bb1-bf39-b8e68a295ce7"}');
INSERT INTO logs (id, user_id, level, message, context, ip_address, user_agent, created_at, metadata) VALUES ('bc2ae12d-9c25-4fd1-ab2e-8b0a073e44f9', 'f58dbd2c-b3ff-4ef4-abe5-38e20359395b', 'WARNING', 'User login successful', '{"module": "campaign", "action": "update", "details": "Additional details 96"}', '41.153.104.115', 'Python/TestDataGenerator', '2025-08-31T13:33:41.348171', '{"request_id": "49a6a094-7d09-4e62-aba6-bd4ce27bab31"}');
INSERT INTO logs (id, user_id, level, message, context, ip_address, user_agent, created_at, metadata) VALUES ('9f3f8d3f-41c8-47b8-8fc7-f669e0c26367', '5abfe0dd-7b5e-4916-88fc-8f0f1cb8ae79', 'INFO', 'Password changed', '{"module": "system", "action": "delete", "details": "Additional details 97"}', '55.131.204.161', 'Python/TestDataGenerator', '2025-08-30T11:33:41.348171', '{"request_id": "c1741b02-4250-41cd-99d4-a38fbfe549ef"}');
INSERT INTO logs (id, user_id, level, message, context, ip_address, user_agent, created_at, metadata) VALUES ('ee009ff4-9f65-4ac3-bbcd-7a026edc486b', 'f321813a-40bb-46be-8db0-ab9a9b929ac7', 'DEBUG', 'User login successful', '{"module": "campaign", "action": "create", "details": "Additional details 98"}', '208.98.202.136', 'Python/TestDataGenerator', '2025-09-02T04:33:41.348171', '{"request_id": "f5d60e27-a26a-4f5f-90a7-ed115cb5ebe7"}');
INSERT INTO logs (id, user_id, level, message, context, ip_address, user_agent, created_at, metadata) VALUES ('e2455290-a3f1-4db9-8741-b1c777fe6828', 'ad2b2bec-0214-4b0a-87f8-dd37a002e46e', 'ERROR', 'Campaign started', '{"module": "auth", "action": "read", "details": "Additional details 99"}', '107.34.238.222', 'Python/TestDataGenerator', '2025-09-03T04:33:41.348171', '{"request_id": "ab9730c5-20b9-43cb-86d1-8f3f3172fadd"}');

-- SYSTEM_LOGS TABLE DATA
----------------------------------------
INSERT INTO system_logs (id, event_type, severity, message, details, resolved, created_at) VALUES ('83b658ee-edab-4be4-9bde-e47423cc4e8e', 'startup', 'low', 'System started successfully', '{"cpu_usage": 11, "memory_usage": 77, "disk_usage": 33}', TRUE, '2025-08-20T08:33:41.348702');
INSERT INTO system_logs (id, event_type, severity, message, details, resolved, created_at) VALUES ('bab32c68-2d8b-4c00-87a9-54ea1903c000', 'backup', 'medium', 'Cache cleared', '{"cpu_usage": 80, "memory_usage": 32, "disk_usage": 57}', TRUE, '2025-08-10T20:33:41.348702');
INSERT INTO system_logs (id, event_type, severity, message, details, resolved, created_at) VALUES ('4e3ed5c2-9cdb-4551-9395-cb4e152e673f', 'error', 'critical', 'System started successfully', '{"cpu_usage": 42, "memory_usage": 28, "disk_usage": 64}', TRUE, '2025-08-05T00:33:41.348702');
INSERT INTO system_logs (id, event_type, severity, message, details, resolved, created_at) VALUES ('841a7a67-8049-40b9-8278-00b097744d2d', 'error', 'critical', 'Database connection pooling enabled', '{"cpu_usage": 69, "memory_usage": 70, "disk_usage": 64}', TRUE, '2025-08-25T05:33:41.348702');
INSERT INTO system_logs (id, event_type, severity, message, details, resolved, created_at) VALUES ('1aad0ff5-541a-4d02-823e-67ac4d07d99f', 'warning', 'low', 'System started successfully', '{"cpu_usage": 59, "memory_usage": 39, "disk_usage": 44}', TRUE, '2025-08-13T08:33:41.348702');
INSERT INTO system_logs (id, event_type, severity, message, details, resolved, created_at) VALUES ('f3a59ed9-25b4-4fe1-85bd-4428c9c62e3d', 'maintenance', 'medium', 'Memory usage high', '{"cpu_usage": 58, "memory_usage": 48, "disk_usage": 47}', TRUE, '2025-08-29T09:33:41.348702');
INSERT INTO system_logs (id, event_type, severity, message, details, resolved, created_at) VALUES ('f415f789-3701-4ae0-999e-5802640a1ae1', 'maintenance', 'high', 'Database connection pooling enabled', '{"cpu_usage": 26, "memory_usage": 35, "disk_usage": 59}', TRUE, '2025-08-11T17:33:41.348702');
INSERT INTO system_logs (id, event_type, severity, message, details, resolved, created_at) VALUES ('bf4cf743-ebb4-40f5-a6b9-7b9ff93acc6d', 'error', 'high', 'Maintenance mode activated', '{"cpu_usage": 51, "memory_usage": 52, "disk_usage": 38}', FALSE, '2025-09-01T15:33:41.348702');
INSERT INTO system_logs (id, event_type, severity, message, details, resolved, created_at) VALUES ('af794e61-b893-45ff-ad1f-74b9f45793be', 'error', 'critical', 'Cache cleared', '{"cpu_usage": 31, "memory_usage": 46, "disk_usage": 49}', FALSE, '2025-08-13T01:33:41.348702');
INSERT INTO system_logs (id, event_type, severity, message, details, resolved, created_at) VALUES ('5d26c2f4-7e0f-4173-80b2-c235fd4891c8', 'error', 'low', 'Database connection pooling enabled', '{"cpu_usage": 87, "memory_usage": 68, "disk_usage": 67}', FALSE, '2025-08-06T05:33:41.348702');
INSERT INTO system_logs (id, event_type, severity, message, details, resolved, created_at) VALUES ('f4e6f28f-1cd7-4dc7-8f11-f6bf64229c0d', 'error', 'high', 'Database connection pooling enabled', '{"cpu_usage": 49, "memory_usage": 35, "disk_usage": 70}', FALSE, '2025-08-16T06:33:41.348702');
INSERT INTO system_logs (id, event_type, severity, message, details, resolved, created_at) VALUES ('2359d19f-ba0a-4f87-8196-24cc7be334e6', 'warning', 'medium', 'Maintenance mode activated', '{"cpu_usage": 45, "memory_usage": 20, "disk_usage": 41}', TRUE, '2025-08-09T14:33:41.348702');
INSERT INTO system_logs (id, event_type, severity, message, details, resolved, created_at) VALUES ('5be29f17-9eba-4706-88ec-20af8f224bf6', 'maintenance', 'medium', 'Cache cleared', '{"cpu_usage": 38, "memory_usage": 34, "disk_usage": 67}', TRUE, '2025-08-09T23:33:41.348702');
INSERT INTO system_logs (id, event_type, severity, message, details, resolved, created_at) VALUES ('4366dfbd-8c7f-4cd7-a157-94535bd206d1', 'warning', 'critical', 'Cache cleared', '{"cpu_usage": 85, "memory_usage": 33, "disk_usage": 64}', TRUE, '2025-08-08T13:33:41.348702');
INSERT INTO system_logs (id, event_type, severity, message, details, resolved, created_at) VALUES ('09cf1013-6ce7-44c7-8e7f-ee34de2cd90c', 'backup', 'critical', 'Memory usage high', '{"cpu_usage": 58, "memory_usage": 24, "disk_usage": 59}', FALSE, '2025-08-11T06:33:41.348849');
INSERT INTO system_logs (id, event_type, severity, message, details, resolved, created_at) VALUES ('1e3acb87-3857-4d3c-9f59-50d639d41aa4', 'error', 'critical', 'Cache cleared', '{"cpu_usage": 51, "memory_usage": 39, "disk_usage": 46}', TRUE, '2025-08-14T07:33:41.348849');
INSERT INTO system_logs (id, event_type, severity, message, details, resolved, created_at) VALUES ('873a4974-d8c4-44c6-822e-526ff85eaab7', 'error', 'critical', 'Database connection pooling enabled', '{"cpu_usage": 66, "memory_usage": 38, "disk_usage": 65}', TRUE, '2025-08-09T23:33:41.348849');
INSERT INTO system_logs (id, event_type, severity, message, details, resolved, created_at) VALUES ('1d49f2fc-8739-4409-99bb-b808ee2df153', 'error', 'medium', 'Memory usage high', '{"cpu_usage": 29, "memory_usage": 38, "disk_usage": 64}', FALSE, '2025-08-30T18:33:41.348849');
INSERT INTO system_logs (id, event_type, severity, message, details, resolved, created_at) VALUES ('3a907a9f-563a-4a4e-8e30-782bcb20c1d8', 'warning', 'high', 'Cache cleared', '{"cpu_usage": 78, "memory_usage": 31, "disk_usage": 33}', TRUE, '2025-09-01T15:33:41.348849');
INSERT INTO system_logs (id, event_type, severity, message, details, resolved, created_at) VALUES ('135f6978-f729-4bec-993e-b2c321ad495a', 'startup', 'medium', 'Cache cleared', '{"cpu_usage": 26, "memory_usage": 75, "disk_usage": 39}', TRUE, '2025-08-23T06:33:41.348849');
INSERT INTO system_logs (id, event_type, severity, message, details, resolved, created_at) VALUES ('70c4e7e6-4d03-44f6-a87a-f548172a3940', 'backup', 'high', 'Cache cleared', '{"cpu_usage": 44, "memory_usage": 63, "disk_usage": 55}', FALSE, '2025-08-07T04:33:41.348849');
INSERT INTO system_logs (id, event_type, severity, message, details, resolved, created_at) VALUES ('082ed787-c04f-407e-90de-487e62cd15ca', 'error', 'critical', 'System started successfully', '{"cpu_usage": 88, "memory_usage": 24, "disk_usage": 43}', TRUE, '2025-08-27T07:33:41.348849');
INSERT INTO system_logs (id, event_type, severity, message, details, resolved, created_at) VALUES ('b6052064-6a97-4799-ae7a-c62fe4c2e077', 'warning', 'high', 'Database connection pooling enabled', '{"cpu_usage": 85, "memory_usage": 26, "disk_usage": 48}', FALSE, '2025-08-20T08:33:41.348849');
INSERT INTO system_logs (id, event_type, severity, message, details, resolved, created_at) VALUES ('fabbc719-db6f-4aa0-b2d5-4fa75e03e3dd', 'error', 'low', 'Cache cleared', '{"cpu_usage": 20, "memory_usage": 72, "disk_usage": 65}', FALSE, '2025-08-20T06:33:41.348849');
INSERT INTO system_logs (id, event_type, severity, message, details, resolved, created_at) VALUES ('ad6d9832-087a-437b-a2a5-fd6471f59257', 'startup', 'low', 'Database connection pooling enabled', '{"cpu_usage": 71, "memory_usage": 56, "disk_usage": 48}', FALSE, '2025-08-30T19:33:41.348849');
INSERT INTO system_logs (id, event_type, severity, message, details, resolved, created_at) VALUES ('7a758a82-6ed7-4d4c-8771-aa8d64d2dac0', 'maintenance', 'critical', 'Database connection pooling enabled', '{"cpu_usage": 14, "memory_usage": 76, "disk_usage": 36}', FALSE, '2025-09-03T10:33:41.348849');
INSERT INTO system_logs (id, event_type, severity, message, details, resolved, created_at) VALUES ('cdc2b274-2d13-4878-8814-78cf2b4f4f9f', 'error', 'high', 'Maintenance mode activated', '{"cpu_usage": 46, "memory_usage": 56, "disk_usage": 59}', FALSE, '2025-08-24T07:33:41.348849');
INSERT INTO system_logs (id, event_type, severity, message, details, resolved, created_at) VALUES ('368f7461-eb64-47ea-b704-d803acd653e9', 'error', 'low', 'Database connection pooling enabled', '{"cpu_usage": 64, "memory_usage": 80, "disk_usage": 44}', TRUE, '2025-08-19T18:33:41.348849');
INSERT INTO system_logs (id, event_type, severity, message, details, resolved, created_at) VALUES ('09a9879e-f3a9-44e4-853c-9c5340021082', 'shutdown', 'low', 'Memory usage high', '{"cpu_usage": 78, "memory_usage": 48, "disk_usage": 40}', FALSE, '2025-08-31T06:33:41.348849');
INSERT INTO system_logs (id, event_type, severity, message, details, resolved, created_at) VALUES ('582f9553-55f3-4a3f-b584-2423860c0110', 'error', 'low', 'Cache cleared', '{"cpu_usage": 42, "memory_usage": 20, "disk_usage": 69}', FALSE, '2025-08-07T13:33:41.348849');
INSERT INTO system_logs (id, event_type, severity, message, details, resolved, created_at) VALUES ('88dce6d5-c6f0-45f0-88d1-e4cf35f8a2e9', 'shutdown', 'medium', 'Memory usage high', '{"cpu_usage": 51, "memory_usage": 77, "disk_usage": 59}', FALSE, '2025-08-19T15:33:41.348849');
INSERT INTO system_logs (id, event_type, severity, message, details, resolved, created_at) VALUES ('2bd06fab-e904-48d9-8029-27ff5b25211f', 'backup', 'critical', 'Cache cleared', '{"cpu_usage": 21, "memory_usage": 59, "disk_usage": 42}', FALSE, '2025-08-28T09:33:41.348849');
INSERT INTO system_logs (id, event_type, severity, message, details, resolved, created_at) VALUES ('20f33595-a28b-4bd2-8e03-e29da81a8db9', 'startup', 'high', 'Database connection pooling enabled', '{"cpu_usage": 34, "memory_usage": 51, "disk_usage": 30}', TRUE, '2025-09-02T14:33:41.348849');
INSERT INTO system_logs (id, event_type, severity, message, details, resolved, created_at) VALUES ('4332bb48-1ca2-410b-9a13-d10cf9486dac', 'maintenance', 'medium', 'Cache cleared', '{"cpu_usage": 60, "memory_usage": 23, "disk_usage": 35}', FALSE, '2025-08-20T13:33:41.348849');
INSERT INTO system_logs (id, event_type, severity, message, details, resolved, created_at) VALUES ('38b564a7-1a24-4307-b832-67e8ec401a0f', 'warning', 'critical', 'Cache cleared', '{"cpu_usage": 51, "memory_usage": 73, "disk_usage": 39}', FALSE, '2025-09-03T14:33:41.348849');
INSERT INTO system_logs (id, event_type, severity, message, details, resolved, created_at) VALUES ('06c1b477-0bbb-43d1-bf61-1c2339f00969', 'warning', 'high', 'Backup completed', '{"cpu_usage": 41, "memory_usage": 26, "disk_usage": 64}', TRUE, '2025-08-30T22:33:41.348849');
INSERT INTO system_logs (id, event_type, severity, message, details, resolved, created_at) VALUES ('0973899a-1544-4afd-be69-8fd60ffa85f3', 'maintenance', 'medium', 'System started successfully', '{"cpu_usage": 47, "memory_usage": 32, "disk_usage": 45}', TRUE, '2025-08-23T09:33:41.348849');
INSERT INTO system_logs (id, event_type, severity, message, details, resolved, created_at) VALUES ('9cc0b4e7-9fdd-48ed-be42-e0099b75aaef', 'error', 'high', 'Memory usage high', '{"cpu_usage": 80, "memory_usage": 20, "disk_usage": 62}', TRUE, '2025-08-24T10:33:41.348849');
INSERT INTO system_logs (id, event_type, severity, message, details, resolved, created_at) VALUES ('89287973-9e05-450c-8958-155f296369b4', 'startup', 'low', 'System started successfully', '{"cpu_usage": 36, "memory_usage": 59, "disk_usage": 47}', FALSE, '2025-09-02T16:33:41.348849');
INSERT INTO system_logs (id, event_type, severity, message, details, resolved, created_at) VALUES ('30e9970a-8b96-43cf-aee2-0c7cbf1285ae', 'shutdown', 'medium', 'Memory usage high', '{"cpu_usage": 45, "memory_usage": 50, "disk_usage": 33}', FALSE, '2025-08-25T23:33:41.348849');
INSERT INTO system_logs (id, event_type, severity, message, details, resolved, created_at) VALUES ('141dbb76-5b0e-4755-8dc8-18dece1e964d', 'warning', 'low', 'Backup completed', '{"cpu_usage": 54, "memory_usage": 32, "disk_usage": 64}', FALSE, '2025-08-26T22:33:41.348849');
INSERT INTO system_logs (id, event_type, severity, message, details, resolved, created_at) VALUES ('f33fe225-e6c3-465e-913e-59c39438941b', 'startup', 'critical', 'Database connection pooling enabled', '{"cpu_usage": 10, "memory_usage": 74, "disk_usage": 54}', TRUE, '2025-09-02T15:33:41.348849');
INSERT INTO system_logs (id, event_type, severity, message, details, resolved, created_at) VALUES ('6584cf8a-04bb-49f6-9fa2-965038bab75f', 'startup', 'low', 'Database connection pooling enabled', '{"cpu_usage": 85, "memory_usage": 36, "disk_usage": 32}', FALSE, '2025-08-10T08:33:41.348849');
INSERT INTO system_logs (id, event_type, severity, message, details, resolved, created_at) VALUES ('203e7699-b8b6-436e-bd64-2283f380eecd', 'startup', 'critical', 'Backup completed', '{"cpu_usage": 11, "memory_usage": 68, "disk_usage": 58}', FALSE, '2025-08-06T08:33:41.348849');
INSERT INTO system_logs (id, event_type, severity, message, details, resolved, created_at) VALUES ('ba4852b0-2911-4c3e-a548-566b4bf25ce7', 'warning', 'high', 'Maintenance mode activated', '{"cpu_usage": 12, "memory_usage": 34, "disk_usage": 42}', TRUE, '2025-08-11T03:33:41.348849');
INSERT INTO system_logs (id, event_type, severity, message, details, resolved, created_at) VALUES ('92123f0d-7e1c-4f0f-84ed-cc68353beeec', 'maintenance', 'medium', 'Backup completed', '{"cpu_usage": 43, "memory_usage": 63, "disk_usage": 35}', TRUE, '2025-08-12T07:33:41.348849');
INSERT INTO system_logs (id, event_type, severity, message, details, resolved, created_at) VALUES ('26a0eec6-9f58-4b38-b244-7b8ae3a66cdc', 'warning', 'low', 'Memory usage high', '{"cpu_usage": 28, "memory_usage": 36, "disk_usage": 37}', FALSE, '2025-08-24T07:33:41.348849');
INSERT INTO system_logs (id, event_type, severity, message, details, resolved, created_at) VALUES ('83dba774-367e-4e09-a300-c36feb9803bb', 'maintenance', 'high', 'Backup completed', '{"cpu_usage": 49, "memory_usage": 67, "disk_usage": 57}', TRUE, '2025-08-17T07:33:41.348849');
INSERT INTO system_logs (id, event_type, severity, message, details, resolved, created_at) VALUES ('c5f7a6b5-dc73-405e-aa9b-0b1687d688c0', 'shutdown', 'critical', 'Backup completed', '{"cpu_usage": 78, "memory_usage": 62, "disk_usage": 51}', TRUE, '2025-08-27T13:33:41.348849');
INSERT INTO system_logs (id, event_type, severity, message, details, resolved, created_at) VALUES ('3d2e4c04-c062-43f9-9eee-43ab55e53fd9', 'shutdown', 'critical', 'Memory usage high', '{"cpu_usage": 55, "memory_usage": 26, "disk_usage": 70}', TRUE, '2025-08-29T14:33:41.348849');

-- CAPTCHA_LOGS TABLE DATA
----------------------------------------
INSERT INTO captcha_logs (id, ip_address, challenge_type, success, attempt_count, response_time, created_at) VALUES ('b741d852-5a4c-4862-80e9-7487b2ef8083', '137.60.73.7', 'recaptcha', TRUE, 2, 6.2538761844822055, '2025-09-03T18:33:41.348849');
INSERT INTO captcha_logs (id, user_id, ip_address, challenge_type, success, attempt_count, response_time, created_at) VALUES ('1d67b957-05f6-4c20-85e0-a6371c2778f3', '90ac32b7-0f0b-4b7c-87e5-dfb95aed7bfd', '209.102.23.44', 'recaptcha', TRUE, 3, 22.69221961623778, '2025-09-03T10:33:41.348849');
INSERT INTO captcha_logs (id, user_id, ip_address, challenge_type, success, attempt_count, response_time, created_at) VALUES ('0b1d4a92-0dc7-45b9-a45c-3ee2a911e6db', 'f321813a-40bb-46be-8db0-ab9a9b929ac7', '200.45.30.233', 'audio', TRUE, 3, 1.0293236438782323, '2025-08-31T18:33:41.348849');
INSERT INTO captcha_logs (id, ip_address, challenge_type, success, attempt_count, response_time, created_at) VALUES ('93162143-0516-480a-a3d6-677b814c8386', '97.54.74.232', 'audio', TRUE, 2, 24.438406174562836, '2025-08-28T16:33:41.348849');
INSERT INTO captcha_logs (id, user_id, ip_address, challenge_type, success, attempt_count, response_time, created_at) VALUES ('4aaa10d3-da15-4b8a-9b71-5270f254fe2d', '90ac32b7-0f0b-4b7c-87e5-dfb95aed7bfd', '222.139.127.28', 'image', TRUE, 1, 1.528133326838338, '2025-08-31T08:33:41.348849');
INSERT INTO captcha_logs (id, user_id, ip_address, challenge_type, success, attempt_count, response_time, created_at) VALUES ('28378b3d-5235-42f1-8e26-5a160290d517', '7387811f-52db-4fab-bdd5-02c9a648dc49', '64.181.200.93', 'image', TRUE, 1, 14.93944539041301, '2025-08-30T06:33:41.348849');
INSERT INTO captcha_logs (id, user_id, ip_address, challenge_type, success, attempt_count, response_time, created_at) VALUES ('e69fa962-557d-462b-bdd6-2cc77dc66167', '1921f774-d58d-4680-a98a-1c3532db6956', '212.114.177.241', 'audio', TRUE, 1, 4.44496819006307, '2025-08-30T09:33:41.348849');
INSERT INTO captcha_logs (id, ip_address, challenge_type, success, attempt_count, response_time, created_at) VALUES ('b95d0ae5-1e98-43ec-ab04-62332fbc2d72', '186.176.156.80', 'audio', FALSE, 2, 27.48174359050379, '2025-08-29T13:33:41.348849');
INSERT INTO captcha_logs (id, user_id, ip_address, challenge_type, success, attempt_count, response_time, created_at) VALUES ('ebcbb9bd-7e07-48ca-99fc-35fc222e90c2', 'd7f2a872-a93a-4347-ab06-54b1d2007725', '112.186.90.21', 'audio', TRUE, 3, 5.46299560164677, '2025-08-27T21:33:41.348849');
INSERT INTO captcha_logs (id, user_id, ip_address, challenge_type, success, attempt_count, response_time, created_at) VALUES ('1d9f1401-97e3-462b-b47f-957a02140a94', '1921f774-d58d-4680-a98a-1c3532db6956', '66.233.13.157', 'image', TRUE, 3, 13.676588300262292, '2025-08-28T07:33:41.348849');
INSERT INTO captcha_logs (id, user_id, ip_address, challenge_type, success, attempt_count, response_time, created_at) VALUES ('4ec80890-f9ea-4ca6-b68b-0626c0e28346', 'ad2b2bec-0214-4b0a-87f8-dd37a002e46e', '117.2.212.3', 'math', TRUE, 1, 24.061781002937206, '2025-09-01T02:33:41.348849');
INSERT INTO captcha_logs (id, user_id, ip_address, challenge_type, success, attempt_count, response_time, created_at) VALUES ('3efbc511-673a-485f-ab9a-5df409ed7943', 'f321813a-40bb-46be-8db0-ab9a9b929ac7', '241.33.53.17', 'image', FALSE, 2, 9.57272039867454, '2025-08-30T10:33:41.348849');
INSERT INTO captcha_logs (id, user_id, ip_address, challenge_type, success, attempt_count, response_time, created_at) VALUES ('268c40e6-abbd-4e3a-a8a1-99ddcb9c3ccf', 'ad2b2bec-0214-4b0a-87f8-dd37a002e46e', '115.64.223.243', 'recaptcha', FALSE, 2, 23.948614821697873, '2025-08-28T20:33:41.348849');
INSERT INTO captcha_logs (id, user_id, ip_address, challenge_type, success, attempt_count, response_time, created_at) VALUES ('86ef71f4-9695-447a-b6cb-529d31be1217', '5abfe0dd-7b5e-4916-88fc-8f0f1cb8ae79', '12.110.110.52', 'recaptcha', TRUE, 3, 29.320490577590636, '2025-08-28T16:33:41.348849');
INSERT INTO captcha_logs (id, user_id, ip_address, challenge_type, success, attempt_count, response_time, created_at) VALUES ('77d03706-787c-4074-8e92-5e1b96e8e60c', 'ad2b2bec-0214-4b0a-87f8-dd37a002e46e', '70.208.55.107', 'recaptcha', TRUE, 2, 19.3495510150675, '2025-08-29T06:33:41.348849');
INSERT INTO captcha_logs (id, user_id, ip_address, challenge_type, success, attempt_count, response_time, created_at) VALUES ('490f2879-1281-4817-b7a7-6f53d631fb43', 'f321813a-40bb-46be-8db0-ab9a9b929ac7', '145.56.41.188', 'image', FALSE, 3, 14.50919973180092, '2025-08-29T19:33:41.348849');
INSERT INTO captcha_logs (id, user_id, ip_address, challenge_type, success, attempt_count, response_time, created_at) VALUES ('39c8a510-9a52-4114-bb9f-7a8b31edd3bc', 'f321813a-40bb-46be-8db0-ab9a9b929ac7', '255.195.96.194', 'math', FALSE, 1, 13.729130340437395, '2025-09-03T06:33:41.348849');
INSERT INTO captcha_logs (id, user_id, ip_address, challenge_type, success, attempt_count, response_time, created_at) VALUES ('0cb47909-682a-43be-b804-29a600fb0d38', 'f321813a-40bb-46be-8db0-ab9a9b929ac7', '207.129.167.66', 'math', TRUE, 2, 7.632432874073657, '2025-08-28T03:33:41.348849');
INSERT INTO captcha_logs (id, user_id, ip_address, challenge_type, success, attempt_count, response_time, created_at) VALUES ('96cabbc9-c629-48e3-867e-aaec83496221', '90ac32b7-0f0b-4b7c-87e5-dfb95aed7bfd', '170.113.83.112', 'math', TRUE, 2, 21.046868312414084, '2025-09-03T05:33:41.348849');
INSERT INTO captcha_logs (id, user_id, ip_address, challenge_type, success, attempt_count, response_time, created_at) VALUES ('73c9d2c6-aa66-4d62-9e97-e9ed94c42ab4', '90ac32b7-0f0b-4b7c-87e5-dfb95aed7bfd', '62.243.160.231', 'audio', TRUE, 1, 7.796954307332882, '2025-08-28T03:33:41.348849');
INSERT INTO captcha_logs (id, user_id, ip_address, challenge_type, success, attempt_count, response_time, created_at) VALUES ('bbd46119-f2e1-4667-abbe-578de3e77730', 'd7f2a872-a93a-4347-ab06-54b1d2007725', '214.132.212.217', 'image', FALSE, 3, 12.926558624999027, '2025-08-30T07:33:41.348849');
INSERT INTO captcha_logs (id, user_id, ip_address, challenge_type, success, attempt_count, response_time, created_at) VALUES ('d6ecd8d4-7148-45d7-87f9-0cf19b709193', 'ad2b2bec-0214-4b0a-87f8-dd37a002e46e', '81.240.24.123', 'recaptcha', FALSE, 1, 21.218823418285773, '2025-09-01T01:33:41.348849');
INSERT INTO captcha_logs (id, user_id, ip_address, challenge_type, success, attempt_count, response_time, created_at) VALUES ('7f37996e-5b63-4e44-a990-a09a8bb628ad', 'ad2b2bec-0214-4b0a-87f8-dd37a002e46e', '245.165.170.125', 'recaptcha', FALSE, 3, 9.424857508881532, '2025-09-03T04:33:41.348849');
INSERT INTO captcha_logs (id, user_id, ip_address, challenge_type, success, attempt_count, response_time, created_at) VALUES ('ade7c586-ce5a-472b-958e-0f8019439563', 'ad2b2bec-0214-4b0a-87f8-dd37a002e46e', '5.177.173.35', 'image', TRUE, 3, 22.754856002815895, '2025-09-01T20:33:41.348849');
INSERT INTO captcha_logs (id, user_id, ip_address, challenge_type, success, attempt_count, response_time, created_at) VALUES ('6e9de6d6-9502-4bfa-91dd-887c4a0aefd6', 'f321813a-40bb-46be-8db0-ab9a9b929ac7', '219.253.241.28', 'audio', FALSE, 1, 7.174878392945994, '2025-08-31T14:33:41.348849');
INSERT INTO captcha_logs (id, ip_address, challenge_type, success, attempt_count, response_time, created_at) VALUES ('833c6e6c-dbfa-4994-8b50-bf9039c01602', '80.164.88.219', 'image', FALSE, 3, 4.501588720472267, '2025-08-30T18:33:41.348849');
INSERT INTO captcha_logs (id, user_id, ip_address, challenge_type, success, attempt_count, response_time, created_at) VALUES ('38011d31-4199-4e53-88f2-cd333066ea05', 'd7f2a872-a93a-4347-ab06-54b1d2007725', '88.210.170.211', 'math', TRUE, 3, 9.240795313232978, '2025-09-01T12:33:41.348849');
INSERT INTO captcha_logs (id, user_id, ip_address, challenge_type, success, attempt_count, response_time, created_at) VALUES ('141ae90c-6d8f-4027-ad7d-30c7321a033b', '90ac32b7-0f0b-4b7c-87e5-dfb95aed7bfd', '140.76.26.221', 'audio', TRUE, 2, 10.113863651943523, '2025-08-29T15:33:41.348849');
INSERT INTO captcha_logs (id, user_id, ip_address, challenge_type, success, attempt_count, response_time, created_at) VALUES ('8b2fe233-31e4-4a23-b031-a4963b2b12df', '813e771a-86e8-4817-a74d-253e3accae94', '13.62.145.237', 'recaptcha', TRUE, 3, 2.1092670501838433, '2025-08-30T23:33:41.348849');
INSERT INTO captcha_logs (id, ip_address, challenge_type, success, attempt_count, response_time, created_at) VALUES ('1fac5bde-06a7-4594-941b-2da1a51e639d', '69.170.216.85', 'recaptcha', TRUE, 3, 27.466047773187256, '2025-08-30T10:33:41.348849');
INSERT INTO captcha_logs (id, user_id, ip_address, challenge_type, success, attempt_count, response_time, created_at) VALUES ('67bade59-8fad-4691-bcdf-6737b20c2394', '1921f774-d58d-4680-a98a-1c3532db6956', '244.250.17.103', 'image', TRUE, 1, 16.787644038754028, '2025-08-30T18:33:41.348849');
INSERT INTO captcha_logs (id, user_id, ip_address, challenge_type, success, attempt_count, response_time, created_at) VALUES ('8a52bead-f99f-439d-8bfc-4bc41786e8b1', 'f58dbd2c-b3ff-4ef4-abe5-38e20359395b', '241.192.165.189', 'audio', FALSE, 1, 15.486290340699332, '2025-08-30T17:33:41.348849');
INSERT INTO captcha_logs (id, ip_address, challenge_type, success, attempt_count, response_time, created_at) VALUES ('a48b6ac1-c32f-4f95-b143-eecd982eb3cb', '181.131.97.158', 'image', FALSE, 2, 2.2709666222000107, '2025-09-02T17:33:41.348849');
INSERT INTO captcha_logs (id, user_id, ip_address, challenge_type, success, attempt_count, response_time, created_at) VALUES ('57938efc-ef61-4074-880c-e5ac9f518dca', '90ac32b7-0f0b-4b7c-87e5-dfb95aed7bfd', '198.193.185.40', 'recaptcha', TRUE, 3, 28.426549079295437, '2025-09-01T01:33:41.348849');
INSERT INTO captcha_logs (id, ip_address, challenge_type, success, attempt_count, response_time, created_at) VALUES ('de2c4582-7499-415c-a8da-159ea684fccb', '21.63.59.178', 'recaptcha', TRUE, 3, 26.44197221273816, '2025-09-02T07:33:41.349354');
INSERT INTO captcha_logs (id, user_id, ip_address, challenge_type, success, attempt_count, response_time, created_at) VALUES ('7e1f1a23-feee-4d7e-935c-855c8f3a740f', 'f321813a-40bb-46be-8db0-ab9a9b929ac7', '111.210.69.84', 'math', FALSE, 2, 24.20460891696451, '2025-09-03T04:33:41.349354');
INSERT INTO captcha_logs (id, user_id, ip_address, challenge_type, success, attempt_count, response_time, created_at) VALUES ('0e183f60-8613-43c0-9292-b5f2484c4547', '7387811f-52db-4fab-bdd5-02c9a648dc49', '20.169.2.198', 'audio', TRUE, 2, 3.8533350270623257, '2025-08-28T06:33:41.349354');
INSERT INTO captcha_logs (id, user_id, ip_address, challenge_type, success, attempt_count, response_time, created_at) VALUES ('e5f7b21d-45b8-4cad-810c-27f042a109bb', 'f321813a-40bb-46be-8db0-ab9a9b929ac7', '44.84.83.58', 'recaptcha', TRUE, 3, 11.279965940977274, '2025-08-29T08:33:41.349354');
INSERT INTO captcha_logs (id, user_id, ip_address, challenge_type, success, attempt_count, response_time, created_at) VALUES ('ae1f7990-b038-4325-97f6-5695d30a4a1f', '50e8c311-693e-40b9-94bb-d9fb0223c769', '211.81.138.215', 'math', TRUE, 1, 9.485478975707242, '2025-08-28T12:33:41.349354');
INSERT INTO captcha_logs (id, ip_address, challenge_type, success, attempt_count, response_time, created_at) VALUES ('ce062ef5-edbb-411a-8a1c-550ff0c84d66', '180.219.219.122', 'image', TRUE, 2, 20.503786798006715, '2025-08-31T09:33:41.349354');
INSERT INTO captcha_logs (id, user_id, ip_address, challenge_type, success, attempt_count, response_time, created_at) VALUES ('ff42e59a-5bbb-4758-bd3f-48945c28476b', '813e771a-86e8-4817-a74d-253e3accae94', '16.73.154.235', 'audio', TRUE, 3, 6.687468967990522, '2025-09-01T08:33:41.349354');
INSERT INTO captcha_logs (id, user_id, ip_address, challenge_type, success, attempt_count, response_time, created_at) VALUES ('91e3e867-38f9-4fa0-b0e3-15d921290f82', '50e8c311-693e-40b9-94bb-d9fb0223c769', '52.247.40.19', 'image', FALSE, 3, 25.858690358114586, '2025-08-28T12:33:41.349354');
INSERT INTO captcha_logs (id, user_id, ip_address, challenge_type, success, attempt_count, response_time, created_at) VALUES ('4fa1270b-2771-4e41-9339-2a0ab878cf66', '7387811f-52db-4fab-bdd5-02c9a648dc49', '162.156.54.234', 'math', TRUE, 3, 2.339009353152713, '2025-08-30T05:33:41.349354');
INSERT INTO captcha_logs (id, user_id, ip_address, challenge_type, success, attempt_count, response_time, created_at) VALUES ('7d150c59-9787-4c9a-80ea-adbb273cc501', '90ac32b7-0f0b-4b7c-87e5-dfb95aed7bfd', '163.47.58.88', 'recaptcha', TRUE, 2, 25.497348057965876, '2025-08-30T04:33:41.349354');
INSERT INTO captcha_logs (id, user_id, ip_address, challenge_type, success, attempt_count, response_time, created_at) VALUES ('cbb11422-dba1-4898-8ced-71a2b34b3d88', 'ad2b2bec-0214-4b0a-87f8-dd37a002e46e', '157.146.83.56', 'image', TRUE, 2, 8.603515671472342, '2025-08-30T17:33:41.349354');
INSERT INTO captcha_logs (id, user_id, ip_address, challenge_type, success, attempt_count, response_time, created_at) VALUES ('5d71d402-aeb1-46b2-8847-0f5f05c857f3', '1921f774-d58d-4680-a98a-1c3532db6956', '33.9.136.62', 'image', TRUE, 1, 23.49404678201752, '2025-08-27T20:33:41.349354');
INSERT INTO captcha_logs (id, user_id, ip_address, challenge_type, success, attempt_count, response_time, created_at) VALUES ('903f1609-0857-476a-a6b5-4301db3dafcd', '90ac32b7-0f0b-4b7c-87e5-dfb95aed7bfd', '104.162.128.77', 'image', TRUE, 3, 13.792003323768771, '2025-09-02T19:33:41.349354');
INSERT INTO captcha_logs (id, user_id, ip_address, challenge_type, success, attempt_count, response_time, created_at) VALUES ('b76e8bb2-7b41-45d4-8a0d-dc02bb945a97', '813e771a-86e8-4817-a74d-253e3accae94', '173.155.172.143', 'audio', TRUE, 2, 27.857174234483573, '2025-09-03T08:33:41.349354');
INSERT INTO captcha_logs (id, ip_address, challenge_type, success, attempt_count, response_time, created_at) VALUES ('d23976e0-65aa-4c47-b9eb-87903bb58056', '137.151.172.51', 'math', TRUE, 1, 6.339279259049902, '2025-08-29T17:33:41.349354');
INSERT INTO captcha_logs (id, user_id, ip_address, challenge_type, success, attempt_count, response_time, created_at) VALUES ('5d2e2155-60df-45c8-af73-8b1e4cdc3485', 'f321813a-40bb-46be-8db0-ab9a9b929ac7', '115.33.104.146', 'image', TRUE, 2, 24.840604756549332, '2025-08-29T06:33:41.349354');
INSERT INTO captcha_logs (id, ip_address, challenge_type, success, attempt_count, response_time, created_at) VALUES ('de3c29b9-a113-436a-896c-8b673453306f', '205.181.69.102', 'audio', TRUE, 1, 25.732370284993706, '2025-08-28T03:33:41.349354');
INSERT INTO captcha_logs (id, ip_address, challenge_type, success, attempt_count, response_time, created_at) VALUES ('7d069423-408b-4888-8085-f5ca03af8412', '153.71.97.142', 'recaptcha', TRUE, 3, 26.730781216852286, '2025-08-30T10:33:41.349354');
INSERT INTO captcha_logs (id, user_id, ip_address, challenge_type, success, attempt_count, response_time, created_at) VALUES ('034cad24-a107-4fbe-baf2-1a43f072486c', '5abfe0dd-7b5e-4916-88fc-8f0f1cb8ae79', '174.109.234.224', 'math', TRUE, 3, 1.8845654143856874, '2025-09-03T09:33:41.349354');
INSERT INTO captcha_logs (id, ip_address, challenge_type, success, attempt_count, response_time, created_at) VALUES ('24d7c4ac-be2b-4f39-a9e6-7db684df4591', '154.63.103.28', 'recaptcha', TRUE, 1, 3.6740027436664295, '2025-08-31T21:33:41.349354');
INSERT INTO captcha_logs (id, user_id, ip_address, challenge_type, success, attempt_count, response_time, created_at) VALUES ('b9131bb2-fddc-451a-8f73-e512e0ba6a56', '5abfe0dd-7b5e-4916-88fc-8f0f1cb8ae79', '59.35.32.236', 'image', TRUE, 3, 29.576232152774303, '2025-09-01T18:33:41.349354');
INSERT INTO captcha_logs (id, user_id, ip_address, challenge_type, success, attempt_count, response_time, created_at) VALUES ('e3d16376-cc96-47c4-935a-d091a4839d67', '7387811f-52db-4fab-bdd5-02c9a648dc49', '35.220.199.117', 'audio', TRUE, 2, 3.9648404921437077, '2025-09-03T16:33:41.349354');
INSERT INTO captcha_logs (id, user_id, ip_address, challenge_type, success, attempt_count, response_time, created_at) VALUES ('a745f221-13c7-49c8-92b2-b67631f3a08e', '90ac32b7-0f0b-4b7c-87e5-dfb95aed7bfd', '4.200.124.14', 'math', TRUE, 2, 13.07030031477721, '2025-08-27T22:33:41.349354');
INSERT INTO captcha_logs (id, user_id, ip_address, challenge_type, success, attempt_count, response_time, created_at) VALUES ('26dd79ae-511a-4f41-9533-34f40dd6444f', 'd7f2a872-a93a-4347-ab06-54b1d2007725', '203.185.59.110', 'image', FALSE, 3, 27.293977360221778, '2025-08-31T16:33:41.349354');
INSERT INTO captcha_logs (id, user_id, ip_address, challenge_type, success, attempt_count, response_time, created_at) VALUES ('aa27551c-a007-47f7-9743-035ee7aaea65', 'f58dbd2c-b3ff-4ef4-abe5-38e20359395b', '48.239.38.81', 'audio', TRUE, 2, 22.219222101713545, '2025-09-01T19:33:41.349354');
INSERT INTO captcha_logs (id, user_id, ip_address, challenge_type, success, attempt_count, response_time, created_at) VALUES ('e621b097-2c96-4dc6-9cd0-737654dffac9', '50e8c311-693e-40b9-94bb-d9fb0223c769', '54.165.119.175', 'math', TRUE, 3, 6.266845141919181, '2025-09-01T07:33:41.349354');
INSERT INTO captcha_logs (id, user_id, ip_address, challenge_type, success, attempt_count, response_time, created_at) VALUES ('9d470042-0628-4105-95fb-f35a89a97d26', '7387811f-52db-4fab-bdd5-02c9a648dc49', '78.145.246.194', 'audio', TRUE, 3, 18.962269556047058, '2025-08-31T05:33:41.349354');
INSERT INTO captcha_logs (id, user_id, ip_address, challenge_type, success, attempt_count, response_time, created_at) VALUES ('2a92a70c-8975-445f-9d2b-e89c7b2feeae', 'd7f2a872-a93a-4347-ab06-54b1d2007725', '74.210.163.81', 'recaptcha', FALSE, 2, 25.803367923334793, '2025-08-30T22:33:41.349354');
INSERT INTO captcha_logs (id, user_id, ip_address, challenge_type, success, attempt_count, response_time, created_at) VALUES ('35d3dd5c-d0e3-4fb2-8deb-8f41190848a7', 'ad2b2bec-0214-4b0a-87f8-dd37a002e46e', '7.147.177.197', 'audio', TRUE, 2, 6.296160177866573, '2025-08-28T22:33:41.349354');
INSERT INTO captcha_logs (id, user_id, ip_address, challenge_type, success, attempt_count, response_time, created_at) VALUES ('cc98dc7d-0461-4308-a0a9-baf254fb3ab7', '5abfe0dd-7b5e-4916-88fc-8f0f1cb8ae79', '251.18.77.204', 'math', FALSE, 3, 26.25055886267242, '2025-09-03T13:33:41.349354');
INSERT INTO captcha_logs (id, user_id, ip_address, challenge_type, success, attempt_count, response_time, created_at) VALUES ('2640bdb9-b2ac-4edc-9448-c111edc26915', 'ad2b2bec-0214-4b0a-87f8-dd37a002e46e', '35.35.95.227', 'math', TRUE, 1, 10.030750686298685, '2025-08-28T11:33:41.349354');
INSERT INTO captcha_logs (id, user_id, ip_address, challenge_type, success, attempt_count, response_time, created_at) VALUES ('89af4254-f4f3-498f-b5cd-56db7dc73d33', 'f58dbd2c-b3ff-4ef4-abe5-38e20359395b', '167.63.55.190', 'image', TRUE, 2, 26.46729930130893, '2025-08-31T11:33:41.349354');
INSERT INTO captcha_logs (id, user_id, ip_address, challenge_type, success, attempt_count, response_time, created_at) VALUES ('431b0ee9-4644-43bc-95c4-74ca973976e6', '90ac32b7-0f0b-4b7c-87e5-dfb95aed7bfd', '107.44.197.17', 'recaptcha', TRUE, 3, 8.448543853519269, '2025-09-02T11:33:41.349354');
INSERT INTO captcha_logs (id, user_id, ip_address, challenge_type, success, attempt_count, response_time, created_at) VALUES ('4d5f825d-bfeb-486a-b88d-daf66021096e', '5abfe0dd-7b5e-4916-88fc-8f0f1cb8ae79', '85.38.154.217', 'math', FALSE, 2, 25.44221714324485, '2025-08-27T20:33:41.349354');
INSERT INTO captcha_logs (id, user_id, ip_address, challenge_type, success, attempt_count, response_time, created_at) VALUES ('7a14698b-215e-4a5e-8314-2c32f86d39f8', 'd7f2a872-a93a-4347-ab06-54b1d2007725', '228.252.42.19', 'math', TRUE, 3, 13.597396054621258, '2025-08-30T16:33:41.349354');
INSERT INTO captcha_logs (id, ip_address, challenge_type, success, attempt_count, response_time, created_at) VALUES ('25a42e7d-d8f2-49c4-970c-a724936ac266', '178.107.104.211', 'audio', TRUE, 1, 1.550024805225521, '2025-09-03T06:33:41.349354');
INSERT INTO captcha_logs (id, ip_address, challenge_type, success, attempt_count, response_time, created_at) VALUES ('29bb356c-80ab-4d94-acf4-d8552f0bca62', '190.205.143.201', 'image', TRUE, 2, 1.9310392364428806, '2025-08-30T17:33:41.349354');
INSERT INTO captcha_logs (id, user_id, ip_address, challenge_type, success, attempt_count, response_time, created_at) VALUES ('0a762853-1bbf-4c1e-a698-cd1a87459f97', '1921f774-d58d-4680-a98a-1c3532db6956', '74.130.134.253', 'audio', FALSE, 2, 12.101070076456187, '2025-09-03T10:33:41.349354');
INSERT INTO captcha_logs (id, user_id, ip_address, challenge_type, success, attempt_count, response_time, created_at) VALUES ('02b8287e-7426-4bce-abdd-e25194243bc8', 'ad2b2bec-0214-4b0a-87f8-dd37a002e46e', '10.126.76.33', 'audio', TRUE, 2, 21.54270402211273, '2025-08-31T15:33:41.349354');
INSERT INTO captcha_logs (id, user_id, ip_address, challenge_type, success, attempt_count, response_time, created_at) VALUES ('45960d0b-d74f-4f4a-aa19-e6d467cb41e6', 'ad2b2bec-0214-4b0a-87f8-dd37a002e46e', '185.155.208.134', 'recaptcha', FALSE, 2, 12.929031775355124, '2025-08-30T12:33:41.349354');
INSERT INTO captcha_logs (id, ip_address, challenge_type, success, attempt_count, response_time, created_at) VALUES ('6ae568bf-4dbf-4a93-aaec-6f6083118f31', '161.237.232.26', 'image', TRUE, 2, 7.020686237187433, '2025-08-31T14:33:41.349354');
INSERT INTO captcha_logs (id, user_id, ip_address, challenge_type, success, attempt_count, response_time, created_at) VALUES ('1b0ac348-2303-46b8-bbad-1b2a33bedf04', '5abfe0dd-7b5e-4916-88fc-8f0f1cb8ae79', '184.97.15.12', 'image', TRUE, 3, 25.89513413048201, '2025-09-01T21:33:41.349354');
INSERT INTO captcha_logs (id, user_id, ip_address, challenge_type, success, attempt_count, response_time, created_at) VALUES ('0da6270f-fb58-469e-8e25-a8ed634dbdb6', '1921f774-d58d-4680-a98a-1c3532db6956', '22.254.108.1', 'recaptcha', TRUE, 2, 12.145853418337213, '2025-09-01T02:33:41.349354');
INSERT INTO captcha_logs (id, user_id, ip_address, challenge_type, success, attempt_count, response_time, created_at) VALUES ('06bff376-c515-459d-83d7-7ae59d40eabb', 'f58dbd2c-b3ff-4ef4-abe5-38e20359395b', '237.98.118.180', 'image', FALSE, 1, 5.173994462638981, '2025-09-01T02:33:41.349354');
INSERT INTO captcha_logs (id, user_id, ip_address, challenge_type, success, attempt_count, response_time, created_at) VALUES ('fd0e320c-d121-4199-8adf-c6e3c73a3cf0', 'f321813a-40bb-46be-8db0-ab9a9b929ac7', '67.55.70.46', 'audio', TRUE, 3, 14.894075712487938, '2025-08-30T14:33:41.349354');
INSERT INTO captcha_logs (id, user_id, ip_address, challenge_type, success, attempt_count, response_time, created_at) VALUES ('3b7a78c2-86a2-42f3-8156-6a9c985bc14b', 'f321813a-40bb-46be-8db0-ab9a9b929ac7', '178.81.255.121', 'audio', TRUE, 3, 25.340992501692128, '2025-09-03T04:33:41.349354');
INSERT INTO captcha_logs (id, user_id, ip_address, challenge_type, success, attempt_count, response_time, created_at) VALUES ('fcbc6395-4df6-437b-98d2-4050f384e273', 'f321813a-40bb-46be-8db0-ab9a9b929ac7', '249.36.45.48', 'math', TRUE, 2, 28.98062493964705, '2025-09-01T10:33:41.349354');
INSERT INTO captcha_logs (id, user_id, ip_address, challenge_type, success, attempt_count, response_time, created_at) VALUES ('a2c78b9d-1bc8-4678-b54e-8e3798227891', '50e8c311-693e-40b9-94bb-d9fb0223c769', '197.233.64.83', 'math', TRUE, 3, 25.38855597657108, '2025-08-30T10:33:41.349354');
INSERT INTO captcha_logs (id, user_id, ip_address, challenge_type, success, attempt_count, response_time, created_at) VALUES ('84d8eba8-cb1d-46a7-96c9-d89154a7d7a0', '5abfe0dd-7b5e-4916-88fc-8f0f1cb8ae79', '200.194.26.142', 'recaptcha', TRUE, 1, 13.998611109234412, '2025-08-30T08:33:41.349354');
INSERT INTO captcha_logs (id, user_id, ip_address, challenge_type, success, attempt_count, response_time, created_at) VALUES ('18625ed6-0f62-46c2-a59e-0e9fc3fa5f5e', 'd7f2a872-a93a-4347-ab06-54b1d2007725', '108.54.43.50', 'audio', TRUE, 1, 22.4649190194903, '2025-08-29T02:33:41.349354');
INSERT INTO captcha_logs (id, ip_address, challenge_type, success, attempt_count, response_time, created_at) VALUES ('e6af5ca9-6f80-4794-ade3-1aa9ef5a05e3', '241.120.102.89', 'math', TRUE, 1, 26.77978846781765, '2025-09-03T07:33:41.349354');
INSERT INTO captcha_logs (id, user_id, ip_address, challenge_type, success, attempt_count, response_time, created_at) VALUES ('a8c91a8b-0679-495c-90ae-54cb95d99ed7', 'ad2b2bec-0214-4b0a-87f8-dd37a002e46e', '148.105.28.153', 'math', TRUE, 3, 19.389180977784626, '2025-08-28T20:33:41.349354');
INSERT INTO captcha_logs (id, user_id, ip_address, challenge_type, success, attempt_count, response_time, created_at) VALUES ('757114a3-ebbe-4ef0-84f2-9fae730a84a8', '813e771a-86e8-4817-a74d-253e3accae94', '241.198.95.136', 'recaptcha', TRUE, 1, 22.465039618206387, '2025-09-02T01:33:41.349354');
INSERT INTO captcha_logs (id, user_id, ip_address, challenge_type, success, attempt_count, response_time, created_at) VALUES ('b5ef50e2-eefd-477c-a989-16d0484f3db0', '5abfe0dd-7b5e-4916-88fc-8f0f1cb8ae79', '214.44.227.107', 'image', TRUE, 3, 3.7443267478461033, '2025-08-31T05:33:41.349354');
INSERT INTO captcha_logs (id, user_id, ip_address, challenge_type, success, attempt_count, response_time, created_at) VALUES ('b6d5495c-657b-43c6-925d-18dec9e0e2cf', '5abfe0dd-7b5e-4916-88fc-8f0f1cb8ae79', '77.217.182.58', 'math', TRUE, 2, 23.37894457283793, '2025-08-28T00:33:41.349354');
INSERT INTO captcha_logs (id, user_id, ip_address, challenge_type, success, attempt_count, response_time, created_at) VALUES ('2cc1be9b-a3dc-46a4-a26d-86485404e8ec', 'd7f2a872-a93a-4347-ab06-54b1d2007725', '121.225.201.204', 'audio', TRUE, 2, 27.726786523658376, '2025-09-01T05:33:41.349354');
INSERT INTO captcha_logs (id, user_id, ip_address, challenge_type, success, attempt_count, response_time, created_at) VALUES ('c7e8ec15-aedc-4059-8c3f-ec3ad52ec738', '90ac32b7-0f0b-4b7c-87e5-dfb95aed7bfd', '188.129.253.171', 'math', TRUE, 2, 4.992995896950084, '2025-09-02T21:33:41.349354');
INSERT INTO captcha_logs (id, user_id, ip_address, challenge_type, success, attempt_count, response_time, created_at) VALUES ('9d343487-ce36-4d13-8ece-7763a9150c51', '90ac32b7-0f0b-4b7c-87e5-dfb95aed7bfd', '86.158.147.144', 'recaptcha', FALSE, 2, 3.6701603904575926, '2025-08-28T02:33:41.349354');
INSERT INTO captcha_logs (id, ip_address, challenge_type, success, attempt_count, response_time, created_at) VALUES ('faa6e3b9-9825-47e1-9c2d-5de875a54126', '111.100.25.138', 'math', TRUE, 2, 28.960439383820432, '2025-08-28T23:33:41.349354');
INSERT INTO captcha_logs (id, user_id, ip_address, challenge_type, success, attempt_count, response_time, created_at) VALUES ('7c9a7728-268d-44fb-bf92-8d7c408afb76', 'ad2b2bec-0214-4b0a-87f8-dd37a002e46e', '163.177.51.39', 'math', FALSE, 3, 21.47227285562765, '2025-08-31T01:33:41.349354');
INSERT INTO captcha_logs (id, user_id, ip_address, challenge_type, success, attempt_count, response_time, created_at) VALUES ('a39e097a-b5cf-4410-995f-1c3e7139a68c', '7387811f-52db-4fab-bdd5-02c9a648dc49', '107.226.113.207', 'math', TRUE, 1, 27.421483883886257, '2025-08-30T09:33:41.349354');
INSERT INTO captcha_logs (id, user_id, ip_address, challenge_type, success, attempt_count, response_time, created_at) VALUES ('608d8040-6d59-4362-8466-0d13f132a4f5', '90ac32b7-0f0b-4b7c-87e5-dfb95aed7bfd', '86.33.157.156', 'math', FALSE, 1, 10.754862030887864, '2025-08-28T20:33:41.349354');
INSERT INTO captcha_logs (id, ip_address, challenge_type, success, attempt_count, response_time, created_at) VALUES ('d4a24deb-375d-4466-952c-d8ed2b1b8574', '249.244.210.213', 'image', TRUE, 2, 6.774879757487943, '2025-08-31T12:33:41.349354');
INSERT INTO captcha_logs (id, user_id, ip_address, challenge_type, success, attempt_count, response_time, created_at) VALUES ('d98e023e-f5af-4e59-a2a7-6ec294fc3484', 'ad2b2bec-0214-4b0a-87f8-dd37a002e46e', '255.200.144.199', 'audio', FALSE, 1, 14.086294460184327, '2025-08-30T06:33:41.349354');
INSERT INTO captcha_logs (id, user_id, ip_address, challenge_type, success, attempt_count, response_time, created_at) VALUES ('fea2a1ef-4a18-4f75-b887-076faadd0100', '90ac32b7-0f0b-4b7c-87e5-dfb95aed7bfd', '108.222.206.140', 'math', TRUE, 1, 19.237833596442616, '2025-08-30T03:33:41.349354');
INSERT INTO captcha_logs (id, user_id, ip_address, challenge_type, success, attempt_count, response_time, created_at) VALUES ('25fa1a8f-02b8-4510-8b18-108bf1b46b81', '7387811f-52db-4fab-bdd5-02c9a648dc49', '127.58.201.1', 'image', FALSE, 3, 28.15150426704715, '2025-08-31T02:33:41.349354');

-- SETTINGS TABLE DATA
----------------------------------------
INSERT INTO settings (id, key, value, type, description, created_at) VALUES ('d18e7f5e-81d8-4e38-a7e8-d9588fabde1e', 'app_name', 'Test Application', 'string', 'Application name displayed in UI', '2024-09-03T19:33:41.349354');
INSERT INTO settings (id, key, value, type, description, created_at) VALUES ('af028737-b464-48d4-b235-a04bc18a5051', 'max_upload_size', '10485760', 'integer', 'Maximum file upload size in bytes', '2024-09-03T19:33:41.349354');
INSERT INTO settings (id, key, value, type, description, created_at) VALUES ('920fc284-aa1a-4665-a418-b2c93d488184', 'enable_2fa', 'true', 'boolean', 'Enable two-factor authentication', '2024-09-03T19:33:41.349354');
INSERT INTO settings (id, key, value, type, description, created_at) VALUES ('8efe271e-6fc0-4861-b1fc-0a3b5dab3d30', 'session_timeout', '3600', 'integer', 'Session timeout in seconds', '2024-09-03T19:33:41.349354');
INSERT INTO settings (id, key, value, type, description, created_at) VALUES ('a690557f-f8f0-445d-9405-6090c77f8240', 'smtp_settings', '{"host": "smtp.gmail.com", "port": 587, "username": "noreply@example.com", "use_tls": true}', 'json', 'SMTP server configuration', '2025-02-15T19:33:41.349354');
INSERT INTO settings (id, key, value, type, description, created_at) VALUES ('1229b901-399f-41ef-9fd1-b97604c9760a', 'maintenance_mode', 'false', 'boolean', 'Enable maintenance mode', '2025-05-26T19:33:41.349354');

-- SUBSCRIPTIONS TABLE DATA
----------------------------------------
INSERT INTO subscriptions (id, user_id, plan_id, status, start_date, end_date, auto_renew, created_at) VALUES ('497872e8-c5f6-44c2-9efd-8a638bd495eb', '813e771a-86e8-4817-a74d-253e3accae94', 'fe4ac484-7afa-43aa-924c-c8c7299d0039', 'active', '2025-04-08T19:33:41.349895', '2025-05-08T19:33:41.349895', TRUE, '2025-04-08T19:33:41.349895');
INSERT INTO subscriptions (id, user_id, plan_id, status, start_date, end_date, auto_renew, created_at) VALUES ('c3f51310-7f18-4868-8242-e913631a497e', '5abfe0dd-7b5e-4916-88fc-8f0f1cb8ae79', '87a8b499-96d9-4bab-adb7-f80c3cfcbf55', 'active', '2025-07-03T19:33:41.349895', '2025-08-02T19:33:41.349895', TRUE, '2025-07-03T19:33:41.349895');
INSERT INTO subscriptions (id, user_id, plan_id, status, start_date, end_date, auto_renew, created_at) VALUES ('386f6dae-40e1-4ec1-b680-24d0de48a445', '90ac32b7-0f0b-4b7c-87e5-dfb95aed7bfd', '3367d82f-7ecb-4ab0-9aa0-74b531ea319a', 'cancelled', '2025-04-26T19:33:41.349895', '2025-05-26T19:33:41.349895', TRUE, '2025-04-26T19:33:41.349895');
INSERT INTO subscriptions (id, user_id, plan_id, status, start_date, end_date, auto_renew, created_at) VALUES ('5b02ffdc-fce8-41c9-807a-f362676b63c6', '50e8c311-693e-40b9-94bb-d9fb0223c769', '87a8b499-96d9-4bab-adb7-f80c3cfcbf55', 'cancelled', '2025-06-28T19:33:41.349895', '2025-07-28T19:33:41.349895', TRUE, '2025-06-28T19:33:41.349895');
